,제품명,가격,화면 크기,CPU 종류,운영체제(OS),화면 비율,광시야각,메모리 타입,메모리,저장 용량,저장장치 종류,GPU 칩셋,HDMI,웹캠(HD),배터리,어댑터,두께,무게,USB,ㅗ형 방향키,ㅡ형 방향키
0,레노버 아이디어패드 Slim3-15ITL 5D WIN10 16GB램,"637,190",39.62cm(15.6인치),코어i5-11세대,윈도우10,16:9,○,DDR4,16GB,256GB,M.2(NVMe),Iris Xe,○,○,,,19.9mm,1.65kg,총3개,,○
1,삼성전자 갤럭시북 NT750XDZ-AM58S,"711,000",39.6cm(15.6인치),코어i5-11세대,미포함(프리도스),16:9,○,LPDDR4x(온보드),8GB,256GB,M.2(NVMe),Iris Xe,○,○,54Wh,65W,15.4mm,1.55kg,총4개,○,
2,LG전자 2022 그램16(12세대) 16ZD90Q-EX76K,"2,249,000",40.6cm(16인치),코어i7-12세대,미포함(프리도스),16:10,○,LPDDR5(온보드),16GB,256GB,M.2(NVMe),RTX2050,○,,90Wh,65W,16.8mm,1.285kg,총4개,○,
3,레노버 요가 Slim7 Carbon 14ACN6 82L0004YKR,"1,568,000",35.56cm(14인치),라이젠7-4세대,미포함(프리도스),16:10,,LPDDR4x(온보드),16GB,1TB,M.2(NVMe),MX450,,○,61Wh,,14.9mm,1.09kg,총3개,,○
4,레노버 V15 G2 82KD000UKR 8GB램,"444,990",39.62cm(15.6인치),라이젠5-4세대,미포함(프리도스),16:9,,DDR4,8GB,256GB,M.2(NVMe),Radeon Graphics,○,,38Wh,,19.9mm,1.7kg,총3개,,○
5,LG전자 2022 울트라PC 15UD40Q-GX30K WIN10,"544,370",39.6cm(15.6인치),라이젠3-4세대,윈도우10,16:9,○,DDR4,8GB,256GB,M.2(NVMe),Radeon Graphics,○,○,49Wh,65W,19.1mm,1.75kg,총3개,○,
6,MSI GP시리즈 GP66 Leopard 11UG,"1,635,000",39.62cm(15.6인치),코어i7-11세대,미포함(프리도스),16:9,○,DDR4,16GB,512GB,M.2(NVMe),RTX3070,○,○,65Wh,280W,23.4mm,2.38kg,총3개,○,
7,MSI 모던시리즈 모던14 B5M-R5,"629,000",35.56cm(14인치),라이젠5-4세대,미포함(프리도스),16:9,○,DDR4,8GB,512GB,M.2(NVMe),Radeon Graphics,○,○,39Wh,65W,18.1mm,1.3kg,총3개,○,
8,LG전자 2022 그램16(12세대) 16ZD90Q-EX56K,"2,049,000",40.6cm(16인치),코어i5-12세대,미포함(프리도스),16:10,○,LPDDR5(온보드),16GB,256GB,M.2(NVMe),RTX2050,○,,90Wh,65W,16.8mm,1.285kg,총4개,○,
9,레노버 LEGION 5 Pro 16ACH R7 STORM,"1,539,000",40.6cm(16인치),라이젠7-4세대,미포함(프리도스),16:10,○,DDR4,16GB,512GB,M.2(NVMe),RTX3060,,○,80Wh,,21.7mm,2.59kg,총6개,○,
10,한성컴퓨터 올데이롱 TFX5556U,"999,000",39.62cm(15.6인치),라이젠5-4세대,미포함(프리도스),16:9,○,DDR4,16GB,500GB,M.2(NVMe),Radeon Graphics,○,○,91.24Wh,65W,18mm,1.4kg,총4개,○,
11,ASUS ROG STRIX G17 G713RM-LL121,"1,660,000",43.94cm(17.3인치),라이젠7-5세대,미포함(프리도스),16:9,,DDR5,8GB,512GB,M.2(NVMe),RTX3060,,,90Wh,240W,28.3mm,2.9kg,총4개,○,
12,삼성전자 갤럭시북2 프로360 NT950QED-KC71G,"2,036,690",39.6cm(15.6인치),코어i7-12세대,윈도우11홈,16:9,○,LPDDR5(온보드),16GB,512GB,M.2(NVMe),Iris Xe,,,68Wh,65W,11.9mm,1.41kg,총3개,○,
13,ASUS ROG STRIX G17 G713RS-LL012,"2,780,000",43.94cm(17.3인치),라이젠9-5세대,미포함(프리도스),16:9,,DDR5,16GB,1TB,M.2(NVMe),RTX3080,,,90Wh,280W,28.3mm,2.9kg,총4개,○,
14,레노버 LEGION 5i Pro 16ITH I7 STORM 3060,"1,640,000",40.6cm(16인치),코어i7-11세대,미포함(프리도스),16:10,○,DDR4,16GB,512GB,M.2(NVMe),RTX3060,,○,80Wh,,21.7mm,2.6kg,총6개,○,
15,삼성전자 갤럭시북2 프로 NT950XEE-XC71S,"1,906,350",39.6cm(15.6인치),코어i7-12세대,윈도우11홈,16:9,○,LPDDR5(온보드),16GB,512GB,M.2(NVMe),Arc A350M,○,,68Wh,65W,13.3mm,1.17kg,총3개,○,
16,LG전자 2022 그램17 17Z95P-GA76K,"1,757,200",43.1cm(17인치),코어i7-11세대,윈도우11홈,16:10,○,LPDDR4x(온보드),16GB,512GB,M.2(NVMe),Iris Xe,○,○,80Wh,65W,17.8mm,1.35kg,총4개,○,
17,ASUS ROG Flow X13 GV301RA-LJ039W,"1,590,000",34.03cm(13.4인치),라이젠7-5세대,윈도우11홈,16:10,,LPDDR5(온보드),16GB,512GB,M.2(NVMe),Radeon 680M,,○,62Wh,100W,15.8mm,1.3kg,총3개,○,
18,LG전자 2021 그램16 16ZD90P-GX56K WIN10,"1,281,300",40.6cm(16인치),코어i5-11세대,윈도우10,16:10,○,LPDDR4x(온보드),16GB,256GB,M.2(NVMe),Iris Xe,○,○,80Wh,65W,16.8mm,1.19kg,총4개,○,
19,ASUS 비보북 S 16X S5602ZA-L2014,"1,480,000",40.8cm(16인치),코어i7-12세대,미포함(프리도스),16:10,○,DDR4,16GB,512GB,M.2(NVMe),Iris Xe,,○,70Wh,90W,17.9mm,1.8kg,총4개,○,
20,ASUS ROG Flow X13 GV301RE-LJ118W,"1,990,000",34.03cm(13.4인치),라이젠7-5세대,윈도우11홈,16:10,,LPDDR5(온보드),16GB,512GB,M.2(NVMe),RTX3050 Ti,,○,62Wh,100W,15.8mm,1.3kg,총3개,○,
21,LG전자 2022 울트라PC 15UD40Q-GX50K,"724,990",39.6cm(15.6인치),라이젠5-4세대,미포함(프리도스),16:9,○,DDR4,8GB,256GB,M.2(NVMe),Radeon Graphics,○,○,49Wh,65W,19.1mm,1.75kg,총3개,○,
22,APPLE 2021 맥북프로16 MK193KH/A,"3,287,290",41.05cm(16.2인치),실리콘 M1 PRO,macOS Monterey,,,,16GB,1TB,SSD,M1 PRO 16 core,○,,100Wh,140W,16.8mm,2.1kg,총3개,○,
23,삼성전자 갤럭시북 NT750XDZ-A51A WIN10,"950,000",39.6cm(15.6인치),코어i5-11세대,윈도우10,16:9,○,LPDDR4x(온보드),16GB,256GB,M.2(NVMe),Iris Xe,○,○,54Wh,65W,15.4mm,1.55kg,총4개,○,
24,ASUS TUF Gaming F15 FX506HM-HN130,"1,169,000",39.62cm(15.6인치),코어i5-11세대,미포함(프리도스),16:9,,DDR4,8GB,512GB,M.2(NVMe),RTX3060,,○,90Wh,200W,24.5mm,2.3kg,총4개,○,
25,MSI GF시리즈 Sword GF76 A11UE 블랙 WIN10 32GB램,"1,547,260",43.94cm(17.3인치),코어i7-11세대,윈도우10,16:9,○,DDR4,32GB,512GB,M.2(NVMe),RTX3060,○,○,53.5Wh,180W,25.2mm,2.6kg,총4개,○,
26,LG전자 2022 그램16(12세대) 16Z90Q-EA5WK,"2,083,190",40.6cm(16인치),코어i5-12세대,윈도우11홈,16:10,○,LPDDR5(온보드),16GB,256GB,M.2(NVMe),RTX2050,○,,90Wh,65W,16.8mm,1.285kg,총4개,○,
27,ASUS ROG 제피러스 G15 GA503RM-HQ049,"1,880,000",39.62cm(15.6인치),라이젠7-5세대,미포함(프리도스),16:9,,DDR5,16GB,512GB,M.2(NVMe),RTX3060,,○,90Wh,200W,19.9mm,1.9kg,총4개,○,
28,ASUS 비보북 프로 16X OLED M7600QE-L2041,"1,490,000",40.8cm(16인치),라이젠9-4세대,미포함(프리도스),16:10,,DDR4,16GB,512GB,M.2(NVMe),RTX3050 Ti,○,○,96Wh,120W,18.9mm,1.95kg,총4개,○,
29,레노버 요가 Slim7 Carbon 14ACN6 82L0004XKR,"1,688,990",35.56cm(14인치),라이젠7-4세대,윈도우11홈,16:10,,LPDDR4x(온보드),16GB,1TB,M.2(NVMe),MX450,,○,61Wh,,14.9mm,1.09kg,총3개,,○
30,주연테크 리오나인 젠 L8CF35T,"799,000",43.94cm(17.3인치),라이젠5-4세대,미포함(프리도스),16:9,○,DDR4,16GB,512GB,M.2(NVMe),RTX3050 Ti,,○,41Wh,150W,25.9mm,2.5kg,총4개,○,
31,APPLE 2020 맥북에어 MGN93KH/A,"1,088,300",33.78cm(13.3인치),실리콘 M1,macOS Big Sur,16:10,,,8GB,256GB,SSD,M1 7 core,,○,49.9Wh,30W,16.1mm,1.29kg,총2개,○,
32,주연테크 아이언2 J6LF,"788,410",39.62cm(15.6인치),라이젠5-4세대,미포함(프리도스),16:9,○,DDR4,8GB,256GB,M.2(NVMe),Radeon Graphics,○,○,36Wh,65W,19.9mm,1.59kg,총4개,○,
33,ASUS TUF Gaming A17 FA707RM-HX015,"1,655,920",43.94cm(17.3인치),라이젠7-5세대,미포함(프리도스),16:9,,DDR5,16GB,1TB,M.2(NVMe),RTX3060,,○,90Wh,240W,24.5mm,2.6kg,총4개,○,
34,레노버 요가 Slim7 Carbon13ITL5 82EV0033KR,"930,020",33.7cm(13인치),코어i5-11세대,미포함(프리도스),16:10,○,LPDDR4x(온보드),8GB,256GB,M.2(NVMe),Iris Xe,,,50Wh,,15mm,970g,총3개,,○
35,ASUS TUF Dash F15 FX516PR-HN002,"3,331,950",39.62cm(15.6인치),코어i7-11세대,미포함(프리도스),16:9,,DDR4,16GB,512GB,M.2(NVMe),RTX3070,,,76Wh,200W,19.9mm,2kg,총4개,○,
36,ASUS 비보북 프로 15 OLED M3500QC-L1085,"1,170,000",39.62cm(15.6인치),라이젠7-4세대,미포함(프리도스),16:9,,DDR4,16GB,512GB,M.2(NVMe),RTX3050,○,○,63Wh,120W,19.9mm,1.65kg,총4개,○,
37,레노버 LEGION 5 17ACH R7 3060,"1,357,000",43.9cm(17.3인치),라이젠7-4세대,미포함(프리도스),16:9,○,DDR4,8GB,256GB,M.2(NVMe),RTX3060,,○,80Wh,,26.2mm,2.9kg,총6개,○,
38,LG전자 2022 그램16(12세대) 16Z90Q-GA7WK,"2,129,690",40.6cm(16인치),코어i7-12세대,윈도우11홈,16:10,○,LPDDR5(온보드),16GB,256GB,M.2(NVMe),Iris Xe,○,,80Wh,65W,16.8mm,1.199kg,총4개,○,
39,LG전자 2021 울트라PC 15U50P-GR56K,"808,400",39.6cm(15.6인치),코어i5-11세대,윈도우10,16:9,,DDR4,8GB,256GB,M.2(NVMe),Iris Xe,○,○,51Wh,65W,19.9mm,1.8kg,총3개,○,
40,레노버 LEGION 5i Pro 16IAH7H I7 STORM 3060 W11P,"2,169,000",40.6cm(16인치),코어i7-12세대,윈도우11프로,16:10,○,DDR5,16GB,512GB,M.2(NVMe),RTX3060,,○,80Wh,,19.9mm,2.49kg,총6개,○,
41,APPLE 2021 맥북프로16 MK183KH/A,"3,052,640",41.05cm(16.2인치),실리콘 M1 PRO,macOS Monterey,,,,16GB,512GB,SSD,M1 PRO 16 core,○,,100Wh,140W,16.8mm,2.1kg,총3개,○,
42,LG전자 2022 그램17 17ZD95P-GX56K,"1,357,970",43.1cm(17인치),코어i5-11세대,미포함(프리도스),16:10,○,LPDDR4x(온보드),16GB,256GB,M.2(NVMe),Iris Xe,○,○,80Wh,65W,17.8mm,1.35kg,총4개,○,
43,LG전자 2022 그램16 16ZD95P-GX5LK,"1,266,280",40.6cm(16인치),코어i5-11세대,미포함(프리도스),16:10,○,LPDDR4x(온보드),16GB,256GB,M.2(NVMe),Iris Xe,○,○,80Wh,65W,16.8mm,1.19kg,총4개,○,
44,HP 14s-fq2020AU,"478,990",35.6cm(14인치),라이젠5-4세대,미포함(프리도스),16:9,○,DDR4,8GB,256GB,M.2(NVMe),Radeon Graphics,○,○,41Wh,,17.9mm,1.46kg,총3개,,○
45,ASUS 비보북 X513EA-BQ031,"634,300",39.62cm(15.6인치),코어i5-11세대,미포함(프리도스),16:9,,DDR4,8GB,256GB,M.2(NVMe),Iris Xe,○,○,42Wh,45W,19.9mm,1.8kg,총4개,○,
46,레노버 LEGION 5i Pro 16IAH7H I7 STORM 3070Ti,"2,679,000",40.6cm(16인치),코어i7-12세대,미포함(프리도스),16:10,○,DDR5,32GB,512GB,M.2(NVMe),RTX3070 Ti,,○,80Wh,,19.9mm,2.49kg,총6개,○,
47,ASUS ROG SCAR G733ZM-LL035,"2,199,000",43.94cm(17.3인치),코어i7-12세대,미포함(프리도스),16:9,,DDR5,16GB,1TB,M.2(NVMe),RTX3060,,,90Wh,240W,28.3mm,2.9kg,총4개,○,
48,MSI GP시리즈 GP76 Leopard 11UG WIN10 32GB램,"1,756,850",43.94cm(17.3인치),코어i7-11세대,윈도우10,16:9,○,DDR4,32GB,512GB,M.2(NVMe),RTX3070,○,○,65Wh,280W,25.9mm,2.9kg,총3개,○,
49,ASUS TUF Gaming F17 FX707ZM-HX037,"1,630,000",43.94cm(17.3인치),코어i7-12세대,미포함(프리도스),16:9,,DDR5,8GB,512GB,M.2(NVMe),RTX3060,,○,90Wh,240W,25.4mm,2.6kg,총4개,○,
50,LG전자 2022 그램17 17ZD95P-GX76K,"1,515,800",43.1cm(17인치),코어i7-11세대,미포함(프리도스),16:10,○,LPDDR4x(온보드),16GB,256GB,M.2(NVMe),Iris Xe,○,○,80Wh,65W,17.8mm,1.35kg,총4개,○,
51,삼성전자 갤럭시북2 프로 NT950XEW-A51A,"1,497,000",39.6cm(15.6인치),코어i5-12세대,미포함(프리도스),16:9,○,LPDDR5(온보드),16GB,256GB,M.2(NVMe),Iris Xe,○,,68Wh,65W,11.7mm,1.11kg,총3개,○,
52,MSI 크리에이터 M16 A12UC WIN10 32GB램,"1,804,790",40.6cm(16인치),코어i7-12세대,윈도우10,16:10,○,DDR4,32GB,512GB,M.2(NVMe),RTX3050,○,○,53.5Wh,180W,23.95mm,2.26kg,총4개,○,
53,ASUS 젠북 14X OLED UX5401ZAS-KN050W 스페이스 에디션,"1,885,540",35.56cm(14인치),코어i7-12세대,윈도우11홈,16:10,,LPDDR5(온보드),16GB,512GB,M.2(NVMe),Iris Xe,,○,63Wh,100W,15.9mm,1.4kg,총3개,○,
54,ASUS TUF Gaming A15 FA507RM-R6725,"1,179,560",39.62cm(15.6인치),라이젠7-5세대,미포함(프리도스),16:9,,DDR5,8GB,512GB,M.2(NVMe),RTX3060,,○,90Wh,240W,24.9mm,2.2kg,총4개,○,
55,LG전자 2021 그램17 17ZD90P-GX5SK,"1,320,580",43.1cm(17인치),코어i5-11세대,미포함(프리도스),16:10,○,LPDDR4x(온보드),16GB,256GB,M.2(NVMe),Iris Xe,○,○,80Wh,65W,17.8mm,1.35kg,총4개,○,
56,LG전자 2022 그램15 15Z95P-GA56K,"1,637,690",39.6cm(15.6인치),코어i5-11세대,윈도우11홈,16:9,○,LPDDR4x(온보드),16GB,512GB,M.2(NVMe),Iris Xe,○,○,80Wh,65W,17.4mm,1.12kg,총4개,○,
57,레노버 LEGION 5i 15IAH7H I7 3060 WQHD PRO,"1,894,000",39.6cm(15.6인치),코어i7-12세대,미포함(프리도스),16:9,○,DDR5,16GB,512GB,M.2(NVMe),RTX3060,,,80Wh,,19.9mm,2.4kg,총6개,○,
58,APPLE 2020 맥북에어 MGN63KH/A,"1,098,260",33.78cm(13.3인치),실리콘 M1,macOS Big Sur,16:10,,,8GB,256GB,SSD,M1 7 core,,○,49.9Wh,30W,16.1mm,1.29kg,총2개,○,
59,에이서 니트로 5 AN515-58-71Z5,"1,648,820",39.62cm(15.6인치),코어i7-12세대,미포함(프리도스),16:9,○,DDR4,16GB,512GB,M.2(NVMe),RTX3060,,○,90Wh,230W,26.9mm,2.5kg,총4개,○,
60,LG전자 2022 그램16(12세대) 16Z90Q-GA5WK,"1,897,190",40.6cm(16인치),코어i5-12세대,윈도우11홈,16:10,○,LPDDR5(온보드),16GB,256GB,M.2(NVMe),Iris Xe,○,,80Wh,65W,16.8mm,1.199kg,총4개,○,
61,LG전자 2022 그램17 17Z95N-G.ARFMK,"1,256,000",43.1cm(17인치),코어i5-11세대,윈도우11홈,16:10,○,LPDDR4x(온보드),8GB,512GB,M.2(NVMe),Iris Xe,○,,80Wh,65W,17.8mm,1.35kg,총4개,○,
62,LG전자 2022 그램17(12세대) 17ZD90Q-EX56K,"2,080,000",43.1cm(17인치),코어i5-12세대,미포함(프리도스),16:10,○,LPDDR5(온보드),16GB,256GB,M.2(NVMe),RTX2050,○,,90Wh,65W,17.7mm,1.435kg,총4개,○,
63,레노버 아이디어패드 Slim3-15ITL 3D,"429,000",39.62cm(15.6인치),코어i3-11세대,미포함(프리도스),16:9,○,DDR4,4GB,256GB,M.2(NVMe),UHD Graphics,○,○,,,19.9mm,1.65kg,총3개,,○
64,ASUS ROG 제피러스 듀오 16 GX650RW-LO108W,"4,390,000",40.8cm(16인치),라이젠9-5세대,윈도우11홈,16:10,,DDR5,32GB,2TB,M.2(NVMe),RTX3070 Ti,,○,90Wh,280W,20.5mm,2.6kg,총4개,○,
65,LG전자 2022 그램16(12세대) 16ZD90Q-GX56K,"1,819,000",40.6cm(16인치),코어i5-12세대,미포함(프리도스),16:10,○,LPDDR5(온보드),16GB,256GB,M.2(NVMe),Iris Xe,○,,80Wh,65W,16.8mm,1.199kg,총4개,○,
66,LG전자 2021 울트라PC 15U50P-GR5SK,"790,000",39.6cm(15.6인치),코어i5-11세대,윈도우11홈,16:9,○,DDR4,8GB,256GB,M.2(NVMe),UHD Graphics,○,○,52Wh,65W,19.95mm,1.8kg,총3개,○,
67,ASUS 젠북 14X OLED UM5401QA-KN030,"1,372,000",35.56cm(14인치),라이젠9-4세대,미포함(프리도스),16:10,,DDR4,16GB,512GB,M.2(NVMe),Radeon Graphics,,○,63Wh,100W,15.9mm,1.4kg,총3개,○,
68,ASUS ROG 제피러스 듀오 16 GX650RX-LB152W,"5,590,000",40.8cm(16인치),라이젠9-5세대,윈도우11홈,16:10,,DDR5,32GB,4TB,M.2(NVMe),RTX3080 Ti,,○,90Wh,280W,20.5mm,2.55kg,총4개,○,
69,MSI GF시리즈 Sword GF66 A12UGS 블랙,"1,637,100",39.6cm(15.6인치),코어i7-12세대,미포함(프리도스),16:9,○,DDR4,16GB,512GB,M.2(NVMe),RTX3070 Ti,○,○,53.5Wh,240W,24.9mm,2.25kg,총4개,○,
70,레노버 게이밍 3i 15IMH I5 LEGEND PRO,"769,000",39.6cm(15.6인치),코어i5-10세대,미포함(프리도스),16:9,○,DDR4,8GB,256GB,M.2(NVMe),GTX1650 Ti,,○,45Wh,,24.9mm,2.2kg,총3개,○,
71,LG전자 2021 그램16 16ZD90P-GX56K,"1,249,000",40.6cm(16인치),코어i5-11세대,미포함(프리도스),16:10,○,LPDDR4x(온보드),16GB,256GB,M.2(NVMe),Iris Xe,○,○,80Wh,65W,16.8mm,1.19kg,총4개,○,
72,LG전자 2022 그램15 15ZD95P-GX56K,"1,278,990",39.6cm(15.6인치),코어i5-11세대,미포함(프리도스),16:9,○,LPDDR4x(온보드),16GB,256GB,M.2(NVMe),Iris Xe,○,○,80Wh,65W,17.4mm,1.12kg,총4개,○,
73,APPLE 2021 맥북프로14 MKGP3KH/A,"2,584,000",35.97cm(14.2인치),실리콘 M1 PRO,macOS Monterey,,,,16GB,512GB,SSD,M1 PRO 14 core,○,,70Wh,67W,15.5mm,1.6kg,총3개,○,
74,LG전자 2022 그램14 14Z95N-G.ARTMK,"957,990",35.56cm(14인치),코어i3-11세대,윈도우11홈,16:9,○,LPDDR4x(온보드),8GB,256GB,M.2(NVMe),UHD Graphics,○,○,72Wh,65W,16.8mm,999g,총4개,○,
75,LG전자 2021 울트라PC 15UD50P-GX30K WIN10,"614,750",39.6cm(15.6인치),코어i3-11세대,윈도우10,16:9,○,DDR4,8GB,128GB,M.2(NVMe),UHD Graphics,○,○,51Wh,65W,19.9mm,1.8kg,총3개,○,
76,삼성전자 갤럭시북2 프로360 NT950QED-K71AR,"2,584,060",39.6cm(15.6인치),코어i7-12세대,윈도우11홈,16:9,○,LPDDR5(온보드),32GB,1TB,M.2(NVMe),Iris Xe,,,68Wh,65W,11.9mm,1.41kg,총3개,○,
77,삼성전자 갤럭시북2 프로 NT950XEE-X71A,"2,090,000",39.6cm(15.6인치),코어i7-12세대,윈도우11홈,16:9,○,LPDDR5(온보드),16GB,512GB,M.2(NVMe),Arc A350M,○,,68Wh,65W,13.3mm,1.17kg,총3개,○,
78,LG전자 2022 그램17(12세대) 17ZD90Q-EX76K,"2,349,000",43.1cm(17인치),코어i7-12세대,미포함(프리도스),16:10,○,LPDDR5(온보드),16GB,256GB,M.2(NVMe),RTX2050,○,,90Wh,65W,17.7mm,1.435kg,총4개,○,
79,삼성전자 노트북 플러스2 NT550XDZ-AD5AW,"689,900",39.6cm(15.6인치),코어i5-11세대,미포함(프리도스),16:9,,DDR4,8GB,256GB,M.2(NVMe),Iris Xe,○,,43Wh,40W,18.8mm,1.81kg,총3개,○,
80,LG전자 2020 울트라PC 15U40N-GR56K,"784,990",39.6cm(15.6인치),라이젠5-3세대,윈도우10,16:9,○,DDR4,8GB,256GB,M.2(NVMe),Radeon Graphics,○,○,52Wh,65W,19.9mm,1.8kg,총3개,○,
81,MSI GE시리즈 레이더 GE76 12UHS-i9 4K 디럭스 에디션,"5,099,000",43.9cm(17.3인치),코어i9-12세대,미포함(프리도스),16:9,○,DDR5,64GB,2TB,M.2(NVMe),RTX3080 Ti,○,,99.9Wh,330W,25.9mm,2.9kg,총5개,○,
82,DELL 인스피론 15 7510 WH04KR 32GB램,"1,870,000",39.6cm(15.6인치),코어i7-11세대,윈도우10,16:9,○,DDR4,32GB,512GB,M.2(NVMe),RTX3050 Ti,,○,86Wh,130W,18.9mm,1.95kg,총3개,,○
83,LG전자 2021 울트라PC 15UD50P-KX50K,"846,540",39.6cm(15.6인치),코어i5-11세대,미포함(프리도스),16:9,,DDR4,8GB,256GB,M.2(NVMe),MX450,○,○,52Wh,65W,19.9mm,1.85kg,총3개,○,
84,APPLE 2020 맥북에어 MGN73KH/A,"1,424,980",33.78cm(13.3인치),실리콘 M1,macOS Big Sur,16:10,,,8GB,512GB,SSD,M1 8 core,,○,49.9Wh,30W,16.1mm,1.29kg,총2개,○,
85,삼성전자 갤럭시북2 프로 NT950XED-KC51S,"1,607,390",39.6cm(15.6인치),코어i5-12세대,윈도우11홈,16:9,○,LPDDR5(온보드),16GB,256GB,M.2(NVMe),Iris Xe,○,,68Wh,65W,11.7mm,1.11kg,총3개,○,
86,LG전자 2022 그램17 17ZD95P-GX7BK,"1,515,890",43.1cm(17인치),코어i7-11세대,미포함(프리도스),16:10,○,LPDDR4x(온보드),16GB,256GB,M.2(NVMe),Iris Xe,○,○,80Wh,65W,17.8mm,1.35kg,총4개,○,
87,MSI GE시리즈 레이더 GE76 12UGS-i9 디럭스 에디션,"3,180,000",43.9cm(17.3인치),코어i9-12세대,미포함(프리도스),16:9,○,DDR5,16GB,1TB,M.2(NVMe),RTX3070 Ti,○,,99.9Wh,280W,25.9mm,2.9kg,총5개,○,
88,주연테크 리오나인 젠 L8CS37,"1,449,000",43.94cm(17.3인치),라이젠7-4세대,미포함(프리도스),16:9,○,DDR4,16GB,512GB,M.2(NVMe),RTX3070,,○,48.96Wh,230W,32.4mm,2.5kg,총4개,○,
89,MSI 모던시리즈 모던15 A11M-i7 카본 그레이 16GB램,"759,040",39.62cm(15.6인치),코어i7-11세대,미포함(프리도스),16:9,○,DDR4,16GB,512GB,M.2(NVMe),Iris Xe,○,○,52Wh,65W,16.9mm,1.6kg,총4개,○,
90,에이서 스위프트 3 SF314-43 R5 씬스틸러2,"678,180",35.56cm(14인치),라이젠5-4세대,리눅스,16:9,○,LPDDR4x(온보드),8GB,256GB,M.2(NVMe),Radeon Graphics,,○,48Wh,65W,15.95mm,1.2kg,총3개,○,
91,삼성전자 갤럭시북2 프로 NT950XEW-A51A WIN11,"1,443,490",39.6cm(15.6인치),코어i5-12세대,윈도우11(설치),16:9,○,LPDDR5(온보드),16GB,256GB,M.2(NVMe),Iris Xe,○,,68Wh,65W,11.7mm,1.11kg,총3개,○,
92,LG전자 2021 그램17 17ZD90P-GX7TK WIN10,"1,518,990",43.1cm(17인치),코어i7-11세대,윈도우10,16:10,○,LPDDR4x(온보드),16GB,256GB,M.2(NVMe),Iris Xe,○,○,80Wh,65W,17.8mm,1.35kg,총4개,○,
93,MSI GE시리즈 레이더 GE76 12UGS-i9 디럭스 에디션 W11,"3,280,000",43.9cm(17.3인치),코어i9-12세대,윈도우11홈,16:9,○,DDR5,16GB,1TB,M.2(NVMe),RTX3070 Ti,○,,99.9Wh,280W,25.9mm,2.9kg,총5개,○,
94,LG전자 2022 그램16 16ZD95P-GX56K WIN10,"1,402,780",40.6cm(16인치),코어i5-11세대,윈도우10,16:10,○,LPDDR4x(온보드),16GB,256GB,M.2(NVMe),Iris Xe,○,○,80Wh,65W,16.8mm,1.19kg,총4개,○,
95,삼성전자 갤럭시북2 프로 NT950XEE-XC71G,"1,978,990",39.6cm(15.6인치),코어i7-12세대,윈도우11홈,16:9,○,LPDDR5(온보드),16GB,512GB,M.2(NVMe),Arc A350M,○,,68Wh,65W,13.3mm,1.17kg,총3개,○,
96,ASUS 젠북 UX325EA-KG354,"1,049,000",33.78cm(13.3인치),코어i7-11세대,미포함(프리도스),16:9,,LPDDR4x(온보드),16GB,512GB,M.2(NVMe),Iris Xe,,○,67Wh,65W,13.9mm,1.14kg,총3개,○,
97,ASUS TUF Gaming F17 FX707ZC-HX035 WIN11 16GB램,"1,451,050",43.94cm(17.3인치),코어i7-12세대,윈도우11(설치),16:9,,DDR5,16GB,512GB,M.2(NVMe),RTX3050,,○,56Wh,200W,25.4mm,2.6kg,총4개,○,
98,삼성전자 노트북 플러스2 NT550XDA-K24A,"568,990",39.6cm(15.6인치),펜티엄 골드,윈도우10 프로,16:9,○,DDR4,4GB,128GB,M.2(NVMe),UHD Graphics,○,,43Wh,40W,18.8mm,1.81kg,총3개,○,
99,ASUS TUF Gaming F15 FX506LH-HN004,"849,000",39.62cm(15.6인치),코어i5-10세대,미포함(프리도스),16:9,,DDR4,8GB,512GB,M.2(NVMe),GTX1650,,○,48Wh,150W,24.9mm,2.3kg,총4개,○,
100,APPLE 2021 맥북프로14 MKGQ3KH/A,"3,091,190",35.97cm(14.2인치),실리콘 M1 PRO,macOS Monterey,,,,16GB,1TB,SSD,M1 PRO 16 core,○,,70Wh,96W,15.5mm,1.6kg,총3개,○,
101,APPLE 2020 맥북프로13 MYD82KH/A,"1,595,320",33.78cm(13.3인치),실리콘 M1,macOS Big Sur,16:10,,,8GB,256GB,SSD,M1 8 core,,○,58.2Wh,61W,15.6mm,1.4kg,총2개,○,
102,LG전자 2021 그램16 16ZD90P-GX7TK WIN10,"1,577,810",40.6cm(16인치),코어i7-11세대,윈도우10,16:10,○,LPDDR4x(온보드),16GB,256GB,M.2(NVMe),Iris Xe,○,○,80Wh,65W,16.8mm,1.19kg,총4개,○,
103,MSI GF시리즈 Sword GF66 A11SC-i5 블랙,"898,740",39.62cm(15.6인치),코어i5-11세대,미포함(프리도스),16:9,○,DDR4,8GB,512GB,M.2(NVMe),GTX1650,○,○,53Wh,150W,24.9mm,2.25kg,총4개,○,
104,APPLE 2021 맥북프로14 MKGR3KH/A,"2,584,000",35.97cm(14.2인치),실리콘 M1 PRO,macOS Monterey,,,,16GB,512GB,SSD,M1 PRO 14 core,○,,70Wh,67W,15.5mm,1.6kg,총3개,○,
105,삼성전자 노트북 플러스2 NT550XDZ-AD5A WIN11 16GB램,"807,700",39.6cm(15.6인치),코어i5-11세대,윈도우11(설치),16:9,○,DDR4,16GB,256GB,M.2(NVMe),Iris Xe,○,,43Wh,40W,18.8mm,1.81kg,총3개,○,
106,레노버 LEGION 5i Pro 16ITH I7 STORM 3060 W11P,"1,869,000",40.6cm(16인치),코어i7-11세대,윈도우11프로,16:10,○,DDR4,16GB,512GB,M.2(NVMe),RTX3060,,○,80Wh,,21.7mm,2.6kg,총6개,○,
107,HP 빅터스 16-e0143AX WIN10 16GB램,"1,690,000",40.89cm(16.1인치),라이젠7-4세대,윈도우10,16:9,○,DDR4,16GB,256GB,M.2(NVMe),RTX3050 Ti,,,70Wh,200W,23.5mm,2.46kg,총4개,○,
108,ASUS 비보북 프로 15 K3500PA-11525D,"557,290",39.62cm(15.6인치),코어i5-11세대,미포함(프리도스),16:9,○,DDR4,8GB,512GB,M.2(NVMe),Iris Xe,○,○,50Wh,65W,19.9mm,1.65kg,총4개,○,
109,MSI GP시리즈 Vector GP76 12UGS QHD 32GB램,"2,750,000",43.9cm(17.3인치),코어i7-12세대,미포함(프리도스),16:9,○,DDR4,32GB,1TB,M.2(NVMe),RTX3070 Ti,○,○,65Wh,280W,25.9mm,2.9kg,총4개,○,
110,HP Z북 Firefly 14 G8-W0DRAV,"1,889,000",35.6cm(14인치),코어i7-11세대,윈도우10 프로,16:9,○,DDR4,16GB,512GB,M.2(NVMe),쿼드로 T500,,○,53Wh,65W,17.9mm,1.35kg,총4개,,○
111,주연테크 아이언2 J6LS,"849,000",39.62cm(15.6인치),라이젠7-4세대,미포함(프리도스),16:9,○,DDR4,16GB,512GB,M.2(NVMe),Radeon Graphics,○,○,49Wh,65W,19.9mm,1.59kg,총3개,○,
112,삼성전자 노트북 플러스2 NT550XDZ-AD3A,"598,000",39.6cm(15.6인치),코어i3-11세대,미포함(프리도스),16:9,○,DDR4,8GB,256GB,M.2(NVMe),UHD Graphics,○,,43Wh,40W,18.8mm,1.81kg,총3개,○,
113,한성컴퓨터 TFG7275T,"1,559,000",43.94cm(17.3인치),코어i7-12세대,미포함(프리도스),16:9,○,DDR4,16GB,500GB,M.2(NVMe),RTX3050 Ti,,○,53.35Wh,150W,28mm,2.6kg,총4개,○,
114,Razer BLADE PRO 17 11Gen R3060 QHD,"3,179,990",43.94cm(17.3인치),코어i7-11세대,윈도우10,16:9,,DDR4,16GB,1TB,M.2(NVMe),RTX3060,,,70.5Wh,230W,19.9mm,2.75kg,총5개,,○
115,레노버 게이밍 3i 15IHU i5 3050Ti,"947,000",39.6cm(15.6인치),코어i5-11세대,미포함(프리도스),16:9,○,DDR4,8GB,256GB,M.2(NVMe),RTX3050 Ti,,○,45Wh,,24.3mm,2.2kg,총3개,○,
116,GIGABYTE G7 GD Gen11 i5 W11,"1,450,000",43.18cm(17인치),코어i5-11세대,윈도우11홈,16:9,,DDR4,16GB,512GB,M.2(NVMe),RTX3050,,,49Wh,150W,29.5mm,2.5kg,총4개,○,
117,LG전자 2021 울트라PC 15UD50P-GX50K WIN10 16GB램,"857,800",39.6cm(15.6인치),코어i5-11세대,윈도우10,16:9,,DDR4,16GB,256GB,M.2(NVMe),Iris Xe,○,○,51Wh,65W,19.9mm,1.8kg,총3개,○,
118,MSI GP시리즈 GP76 Leopard 11UG,"1,708,000",43.94cm(17.3인치),코어i7-11세대,미포함(프리도스),16:9,○,DDR4,16GB,512GB,M.2(NVMe),RTX3070,○,○,65Wh,280W,25.9mm,2.9kg,총3개,○,
119,MSI GS시리즈 Stealth GS66 12UGS QHD WIN10,"3,410,000",39.6cm(15.6인치),코어i7-12세대,윈도우10,16:9,○,DDR5,32GB,1TB,M.2(NVMe),RTX3070 Ti,○,○,99.9Wh,240W,19.8mm,2.1kg,총5개,○,
120,MSI Stealth 15M B12UE WIN11 64GB램,"2,250,000",39.6cm(15.6인치),코어i7-12세대,윈도우11(설치),16:9,○,DDR4,64GB,512GB,M.2(NVMe),RTX3060,○,○,53.8Wh,180W,17mm,1.8kg,총4개,○,
121,삼성전자 갤럭시북 프로360 NT950QDY-A51A,"1,275,000",39.6cm(15.6인치),코어i5-11세대,미포함(프리도스),16:9,○,LPDDR4x(온보드),16GB,256GB,M.2(NVMe),Iris Xe,,○,68Wh,65W,11.9mm,1.39kg,총3개,○,
122,MSI GP시리즈 GP76 Leopard 11UH WIN10,"2,428,950",43.94cm(17.3인치),코어i7-11세대,윈도우10,16:9,○,DDR4,16GB,1TB,M.2(NVMe),RTX3080,○,○,65Wh,280W,25.9mm,2.9kg,총3개,○,
123,레노버 V15 G2 82KD000WKR,"598,860",39.62cm(15.6인치),라이젠5-4세대,윈도우10,16:9,,DDR4,4GB,256GB,M.2(NVMe),Radeon Graphics,○,○,38Wh,,19.9mm,1.7kg,총3개,,○
124,레노버 아이디어패드 Slim5-15ITL Premiere Plus i5,"829,000",39.6cm(15.6인치),코어i5-11세대,미포함(프리도스),16:9,○,DDR4,16GB,256GB,M.2(NVMe),MX450,○,○,57Wh,65W,19.9mm,1.69kg,총3개,,○
125,레노버 아이디어패드 Slim3-15ITL 5D WIN10,"601,710",39.62cm(15.6인치),코어i5-11세대,윈도우10,16:9,○,DDR4,8GB,256GB,M.2(NVMe),Iris Xe,○,○,,,19.9mm,1.65kg,총3개,,○
126,LG전자 2022 울트라PC 15UD40Q-GX50K WIN10 16GB램,"836,620",39.6cm(15.6인치),라이젠5-4세대,윈도우10,16:9,○,DDR4,16GB,256GB,M.2(NVMe),Radeon Graphics,○,○,49Wh,65W,19.1mm,1.75kg,총3개,○,
127,삼성전자 노트북 플러스2 NT550XDZ-AD5A WIN10 16GB램,"784,790",39.6cm(15.6인치),코어i5-11세대,윈도우10,16:9,○,DDR4,16GB,256GB,M.2(NVMe),Iris Xe,○,,43Wh,40W,18.8mm,1.81kg,총3개,○,
128,DELL XPS 17 9720-WP06KR,"4,350,000",43.2cm(17인치),코어i9-12세대,윈도우11프로,16:10,○,DDR5,32GB,1TB,M.2(NVMe),RTX3060,,○,97Wh,130W,19.5mm,2.21kg,총4개,,○
129,MSI 모던시리즈 모던14 B11M-i5 카본 그레이,"598,990",35.56cm(14인치),코어i5-11세대,미포함(프리도스),16:9,○,DDR4,8GB,512GB,M.2(NVMe),,○,○,39Wh,65W,16.9mm,1.3kg,총3개,○,
130,LG전자 2021 울트라PC 15UD50P-GX50K,"791,880",39.6cm(15.6인치),코어i5-11세대,미포함(프리도스),16:9,,DDR4,8GB,256GB,M.2(NVMe),Iris Xe,○,○,51Wh,65W,19.9mm,1.8kg,총3개,○,
131,ASUS 비보북 프로 16X OLED M7600QE-L2081,"1,440,000",40.8cm(16인치),라이젠9-4세대,미포함(프리도스),16:10,,DDR4,16GB,512GB,M.2(NVMe),RTX3050 Ti,○,○,96Wh,120W,18.9mm,1.95kg,총4개,○,
132,MSI GF시리즈 Sword GF76 A11UE 블랙,"1,530,000",43.94cm(17.3인치),코어i7-11세대,미포함(프리도스),16:9,○,DDR4,16GB,512GB,M.2(NVMe),RTX3060,○,○,53.5Wh,180W,25.2mm,2.6kg,총4개,○,
133,삼성전자 갤럭시북2 프로 NT930XEW-A51A,"1,399,000",33.7cm(13.3인치),코어i5-12세대,미포함(프리도스),16:9,○,LPDDR5(온보드),16GB,256GB,M.2(NVMe),Iris Xe,○,,63Wh,65W,11.2mm,870g,총3개,○,
134,삼성전자 갤럭시북2 프로360 NT950QED-KC51S,"1,850,690",39.6cm(15.6인치),코어i5-12세대,윈도우11홈,16:9,○,LPDDR5(온보드),16GB,256GB,M.2(NVMe),Iris Xe,,,68Wh,65W,11.9mm,1.41kg,총3개,○,
135,ASUS 비보북 S 16X S5602ZA-L2066,"1,230,000",40.8cm(16인치),코어i5-12세대,미포함(프리도스),16:10,○,DDR4,16GB,512GB,M.2(NVMe),Iris Xe,,○,70Wh,90W,17.9mm,1.8kg,총4개,○,
136,MSI GF시리즈 Sword GF76 A11UC 블랙 WIN10 16GB램,"1,318,990",43.94cm(17.3인치),코어i7-11세대,윈도우10,16:9,○,DDR4,16GB,512GB,M.2(NVMe),RTX3050,○,○,53.5Wh,150W,25.2mm,2.6kg,총4개,○,
137,LG전자 2022 그램16 16ZD95P-GX5BK WIN10,"1,237,410",40.6cm(16인치),코어i5-11세대,윈도우10,16:10,○,LPDDR4x(온보드),8GB,256GB,M.2(NVMe),Iris Xe,○,○,80Wh,65W,16.8mm,1.19kg,총4개,○,
138,레노버 V15 ADA 82C700KPKR,"379,000",39.6cm(15.6인치),라이젠3-2세대,미포함(프리도스),16:9,,DDR4,4GB,256GB,M.2(NVMe),Radeon Graphics,○,,35Wh,,19.9mm,1.85kg,총3개,,○
139,한성컴퓨터 TFG7277LC,"2,749,000",43.94cm(17.3인치),코어i9-12세대,미포함(프리도스),16:9,○,DDR5,16GB,500GB,M.2(NVMe),RTX3070 Ti,,○,62.32Wh,280W,25mm,2.5kg,총4개,○,
140,MSI 모던시리즈 모던15 A11M-i5 카본 그레이,"598,990",39.62cm(15.6인치),코어i5-11세대,미포함(프리도스),16:9,○,DDR4,8GB,512GB,M.2(NVMe),Iris Xe,○,○,52Wh,65W,16.9mm,1.6kg,총4개,○,
141,삼성전자 갤럭시북2 프로 NT950XEV-G51A,"1,664,990",39.6cm(15.6인치),코어i5-12세대,미포함(프리도스),16:9,○,LPDDR5(온보드),16GB,256GB,M.2(NVMe),Arc A350M,○,,68Wh,65W,13.3mm,1.17kg,총3개,○,
142,MSI GF시리즈 Sword GF76 A12UE WIN10 32GB램,"2,100,000",43.9cm(17.3인치),코어i7-12세대,윈도우10,16:9,○,DDR4,32GB,512GB,M.2(NVMe),RTX3060,○,○,53.5Wh,240W,25.2mm,2.6kg,총4개,○,
143,HP 오멘 16-b1031TX,"2,180,000",40.9cm(16.1인치),코어i7-12세대,윈도우11홈,16:9,○,DDR5,16GB,512GB,M.2(NVMe),RTX3070,,○,83Wh,230W,23mm,2.3kg,총4개,○,
144,MSI GF시리즈 Sword GF66 A12UGS 블랙 32GB램,"1,950,000",39.6cm(15.6인치),코어i7-12세대,미포함(프리도스),16:9,○,DDR4,32GB,512GB,M.2(NVMe),RTX3070 Ti,○,○,53.5Wh,240W,24.9mm,2.25kg,총4개,○,
145,레노버 LEGION 5 Pro 16ACH R7 STORM 3070,"1,889,000",40.6cm(16인치),라이젠7-4세대,미포함(프리도스),16:10,○,DDR4,32GB,512GB,M.2(NVMe),RTX3070,,○,80Wh,,21.7mm,2.59kg,총6개,○,
146,ASUS 젠북 14 UM3402YA-KP095W,"1,313,000",35.56cm(14인치),라이젠7-4세대,윈도우11홈,16:10,○,LPDDR4x(온보드),16GB,512GB,M.2(NVMe),Radeon Graphics,,○,75Wh,65W,16.9mm,1.39kg,총3개,○,
147,MSI GF시리즈 GF63 Thin 11UC WIN10 32GB램,"1,350,000",39.6cm(15.6인치),코어i7-11세대,윈도우10,16:9,○,DDR4,32GB,512GB,M.2(NVMe),RTX3050,○,○,51Wh,120W,21.7mm,1.77kg,총4개,○,
148,주연테크 리오나인 젠 L6CF35T,"799,000",39.62cm(15.6인치),라이젠5-4세대,미포함(프리도스),16:9,○,DDR4,16GB,512GB,M.2(NVMe),RTX3050 Ti,,○,41Wh,150W,24.9mm,2.2kg,총4개,○,
149,LG전자 2022 그램15 15ZD95P-GX76K WIN10,"1,400,200",39.6cm(15.6인치),코어i7-11세대,윈도우10,16:9,○,LPDDR4x(온보드),16GB,256GB,M.2(NVMe),Iris Xe,○,○,80Wh,65W,17.4mm,1.12kg,총4개,○,
150,LG전자 2022 그램14 14ZD95P-GX5BK WIN10,"1,227,320",35.6cm(14인치),코어i5-11세대,윈도우10,16:10,○,LPDDR4x(온보드),8GB,256GB,M.2(NVMe),Iris Xe,○,○,72Wh,65W,16.8mm,999g,총4개,○,
151,MSI 모던시리즈 모던14 B5M-R7 16GB램,"761,390",35.56cm(14인치),라이젠7-4세대,미포함(프리도스),16:9,○,DDR4,16GB,512GB,M.2(NVMe),Radeon Graphics,○,○,39Wh,65W,18.1mm,1.3kg,총3개,○,
152,ASUS ROG STRIX G15 G513RM-HQ077 16GB램,"1,680,000",39.62cm(15.6인치),라이젠7-5세대,미포함(프리도스),16:9,,DDR5,16GB,512GB,M.2(NVMe),RTX3060,,,90Wh,240W,27.2mm,2.3kg,총4개,○,
153,DELL XPS 15 9520-WP05KR,"3,320,000",39.62cm(15.6인치),코어i7-12세대,윈도우11프로,16:10,○,DDR5,16GB,1TB,M.2(NVMe),RTX3050 Ti,,○,86Wh,130W,18mm,1.81kg,총3개,,○
154,LG전자 2022 울트라PC 15UD40Q-GX30K WIN10 16GB램,"616,800",39.6cm(15.6인치),라이젠3-4세대,윈도우10,16:9,○,DDR4,16GB,256GB,M.2(NVMe),Radeon Graphics,○,○,49Wh,65W,19.1mm,1.75kg,총3개,○,
155,HP 파빌리온 Aero 13-be1046AU,"880,000",33.8cm(13.3인치),라이젠5-4세대,미포함(프리도스),16:10,○,DDR4(온보드),16GB,256GB,M.2(NVMe),Radeon Graphics,,○,43Wh,45W,16.9mm,970g,총3개,,○
156,HP 오멘 16-b1033TX,"2,480,000",40.9cm(16.1인치),코어i7-12세대,윈도우11홈,16:9,○,DDR5,16GB,1TB,M.2(NVMe),RTX3070 Ti,,○,83Wh,230W,23mm,2.3kg,총4개,○,
157,LG전자 2022 그램16(12세대) 16ZD90Q-GX76K,"2,049,000",40.6cm(16인치),코어i7-12세대,미포함(프리도스),16:10,○,LPDDR5(온보드),16GB,256GB,M.2(NVMe),Iris Xe,○,,80Wh,65W,16.8mm,1.199kg,총4개,○,
158,LG전자 2022 울트라PC 13UD70Q-GX50K WIN10,"827,200",33.7cm(13.3인치),라이젠5-4세대,윈도우10,16:9,○,DDR4,8GB,256GB,M.2(NVMe),Radeon Graphics,○,○,51Wh,65W,15.3mm,980g,총3개,○,
159,ASUS TUF Dash F15 FX517ZM-HQ076,"1,840,000",39.62cm(15.6인치),코어i7-12세대,미포함(프리도스),16:9,,DDR5,16GB,1TB,M.2(NVMe),RTX3060,,○,76Wh,200W,20.7mm,2kg,총4개,○,
160,ASUS 비보북 X515MA-BQ410,"278,990",39.62cm(15.6인치),셀러론,미포함(프리도스),16:9,,DDR4,4GB,128GB,M.2(NVMe),UHD 600,○,,37Wh,45W,19.9mm,1.8kg,총4개,○,
161,삼성전자 갤럭시북 프로 NT950XDC-X71A,"1,698,990",39.6cm(15.6인치),코어i7-11세대,윈도우10,16:9,○,LPDDR4x(온보드),16GB,512GB,M.2(NVMe),MX450,○,○,68Wh,65W,13.3mm,1.15kg,총3개,○,
162,MSI GF시리즈 Sword GF76 A11UE 블랙 WIN10,"1,468,280",43.94cm(17.3인치),코어i7-11세대,윈도우10,16:9,○,DDR4,16GB,512GB,M.2(NVMe),RTX3060,○,○,53.5Wh,180W,25.2mm,2.6kg,총4개,○,
163,LG전자 2022 그램16(12세대) 16Z90Q-EA7WK,"2,315,690",40.6cm(16인치),코어i7-12세대,윈도우11홈,16:10,○,LPDDR5(온보드),16GB,256GB,M.2(NVMe),RTX2050,○,,90Wh,65W,16.8mm,1.285kg,총4개,○,
164,MSI GF시리즈 Sword GF66 A11SC-i7 블랙 WIN10 16GB램,"1,149,080",39.62cm(15.6인치),코어i7-11세대,윈도우10,16:9,○,DDR4,16GB,512GB,M.2(NVMe),GTX1650,○,○,53.5Wh,150W,24.9mm,2.25kg,총4개,○,
165,LG전자 2022 그램14 14Z95P-GA56K,"1,494,990",35.6cm(14인치),코어i5-11세대,윈도우11홈,16:10,○,LPDDR4x(온보드),16GB,256GB,M.2(NVMe),Iris Xe,○,○,72Wh,65W,16.8mm,999g,총4개,○,
166,삼성전자 노트북 플러스2 NT560XDZ-G78A,"1,469,000",39.6cm(15.6인치),코어i7-11세대,미포함(프리도스),16:9,○,DDR4,8GB,256GB,M.2(NVMe),GTX1650 Ti,○,,43Wh,90W,18.9mm,1.85kg,총3개,○,
167,HP 14s-dq2573TU 8GB램,"453,710",35.6cm(14인치),코어i3-11세대,미포함(프리도스),16:9,○,DDR4,8GB,256GB,M.2(NVMe),UHD Graphics,○,○,,45W,17.9mm,1.43kg,총3개,,○
168,LG전자 2022 그램17 17ZD95P-GX76K WIN11,"1,562,900",43.1cm(17인치),코어i7-11세대,윈도우11(설치),16:10,○,LPDDR4x(온보드),16GB,256GB,M.2(NVMe),Iris Xe,○,○,80Wh,65W,17.8mm,1.35kg,총4개,○,
169,MSI GF시리즈 Sword GF76 A11UE 화이트 WIN10 32GB램,"1,547,250",43.94cm(17.3인치),코어i7-11세대,윈도우10,16:9,○,DDR4,32GB,512GB,M.2(NVMe),RTX3060,○,○,53.5Wh,180W,25.2mm,2.6kg,총4개,○,
170,MSI 프레스티지 15 A12UC,"1,578,000",39.6cm(15.6인치),코어i7-12세대,미포함(프리도스),16:9,○,LPDDR4(온보드),16GB,512GB,M.2(NVMe),RTX3050,○,○,82Wh,100W,18.9mm,1.69kg,총4개,○,
171,삼성전자 갤럭시북2 프로360 NT950QED-KC71D,"2,171,390",39.6cm(15.6인치),코어i7-12세대,윈도우11홈,16:9,○,LPDDR5(온보드),16GB,512GB,M.2(NVMe),Iris Xe,,,68Wh,65W,11.9mm,1.41kg,총3개,○,
172,레노버 아이디어패드 Slim3-17ALC R5 WIN10,"688,990",43.94cm(17.3인치),라이젠5-4세대,윈도우10,16:9,○,DDR4,8GB,256GB,M.2(NVMe),Radeon Graphics,○,○,38Wh,,19.9mm,2.1kg,총3개,,○
173,Razer BLADE 14 R9 Zen4 R3070Ti QHD,"3,639,000",35.56cm(14인치),라이젠9-5세대,윈도우11홈,16:9,,DDR5(온보드),16GB,1TB,M.2(NVMe),RTX3070 Ti,,,61.6Wh,230W,16.8mm,1.78kg,총4개,,○
174,MSI 크리에이터 M16 A12UC,"1,400,000",40.6cm(16인치),코어i7-12세대,미포함(프리도스),16:10,○,DDR4,16GB,512GB,M.2(NVMe),RTX3050,○,○,53.5Wh,180W,23.95mm,2.26kg,총4개,○,
175,레노버 요가 Slim7 Carbon 14ACN6 82L00055KR,"1,400,000",35.56cm(14인치),라이젠5-4세대,미포함(프리도스),16:10,,LPDDR4x(온보드),16GB,512GB,M.2(NVMe),MX450,,○,61Wh,,14.9mm,1.09kg,총3개,,○
176,HP 14s-dq2573TU WIN10 8GB램,"507,720",35.6cm(14인치),코어i3-11세대,윈도우10,16:9,○,DDR4,8GB,256GB,M.2(NVMe),UHD Graphics,○,○,,45W,17.9mm,1.43kg,총3개,,○
177,LG전자 2022 그램17 17Z95P-GA56K,"1,690,000",43.1cm(17인치),코어i5-11세대,윈도우11홈,16:10,○,LPDDR4x(온보드),16GB,512GB,M.2(NVMe),Iris Xe,○,○,80Wh,65W,17.8mm,1.35kg,총4개,○,
178,MSI GF시리즈 Sword GF66 A11SC-i5 블랙 WIN10 32GB램,"1,032,550",39.62cm(15.6인치),코어i5-11세대,윈도우10,16:9,○,DDR4,32GB,512GB,M.2(NVMe),GTX1650,○,○,53Wh,150W,24.9mm,2.25kg,총4개,○,
179,MSI 모던시리즈 모던14 B5M-R7 WIN10 32GB램,"958,790",35.56cm(14인치),라이젠7-4세대,윈도우10,16:9,○,DDR4,32GB,512GB,M.2(NVMe),Radeon Graphics,○,○,39Wh,65W,18.1mm,1.3kg,총3개,○,
180,LG전자 2021 그램16 16ZD90P-GX76K WIN10,"1,459,910",40.6cm(16인치),코어i7-11세대,윈도우10,16:10,○,LPDDR4x(온보드),16GB,256GB,M.2(NVMe),Iris Xe,○,○,80Wh,65W,16.8mm,1.19kg,총4개,○,
181,레노버 게이밍 3 15ACH R5 3050Ti,"983,240",39.6cm(15.6인치),라이젠5-4세대,미포함(프리도스),16:9,○,DDR4,8GB,256GB,M.2(NVMe),RTX3050 Ti,,○,45Wh,,24.2mm,2.25kg,총3개,○,
182,삼성전자 갤럭시북S NT767XCM-K38,"759,050",33.7cm(13.3인치),코어i3-10세대,윈도우10,16:9,○,LPDDR4x(온보드),8GB,256GB,eUFS,UHD Graphics,,,42Wh,25W,11.8mm,950g,총2개,,○
183,LG전자 2022 그램360 16TD90Q-GX56K,"1,978,990",40.6cm(16인치),코어i5-12세대,미포함(프리도스),16:10,○,LPDDR5(온보드),16GB,256GB,M.2(NVMe),Iris Xe,,,80Wh,65W,17mm,1.48kg,총3개,○,
184,MSI GF시리즈 Sword GF66 A11UE 화이트,"1,295,000",39.62cm(15.6인치),코어i7-11세대,미포함(프리도스),16:9,○,DDR4,8GB,512GB,M.2(NVMe),RTX3060,○,○,53.5Wh,180W,24.9mm,2.25kg,총4개,○,
185,MSI 모던시리즈 모던15 A11M 카본 그레이,"699,980",39.62cm(15.6인치),코어i7-11세대,미포함(프리도스),16:9,○,DDR4,8GB,512GB,M.2(NVMe),Iris Xe,○,○,39Wh,65W,16.9mm,1.6kg,총4개,○,
186,LG전자 2022 그램16(12세대) 16Z90Q-GA56K,"2,087,900",40.6cm(16인치),코어i5-12세대,윈도우11홈,16:10,○,LPDDR5(온보드),16GB,512GB,M.2(NVMe),Iris Xe,○,,80Wh,65W,16.8mm,1.199kg,총4개,○,
187,주연테크 리오나인 젠 L6CS37,"1,399,000",39.62cm(15.6인치),라이젠7-4세대,미포함(프리도스),16:9,○,DDR4,16GB,512GB,M.2(NVMe),RTX3070,,○,48.96Wh,230W,29mm,2.2kg,총4개,○,
188,DELL 인스피론 16 5620-WH05KR,"1,390,000",40.8cm(16인치),코어i7-12세대,윈도우11홈,16:10,○,DDR4,16GB,512GB,M.2(NVMe),MX570,○,,54Wh,65W,17.9mm,1.97kg,총3개,,○
189,ASUS 젠북 14 OLED UX3402ZA-KM054W,"1,590,000",35.56cm(14인치),코어i7-12세대,윈도우11홈,16:10,,LPDDR5(온보드),16GB,512GB,M.2(NVMe),Iris Xe,,○,75Wh,65W,16.9mm,1.39kg,총3개,○,
190,레노버 V15 G2 82KD000UKR,"458,990",39.62cm(15.6인치),라이젠5-4세대,미포함(프리도스),16:9,,DDR4,4GB,256GB,M.2(NVMe),Radeon Graphics,○,,38Wh,,19.9mm,1.7kg,총3개,,○
191,LG전자 2021 그램15 15Z90P-GA76K,"1,639,090",39.6cm(15.6인치),코어i7-11세대,윈도우10,16:9,○,LPDDR4x(온보드),16GB,512GB,M.2(NVMe),Iris Xe,○,○,80Wh,65W,17.4mm,1.12kg,총4개,○,
192,ASUS 비보북 프로 15 K3500PC-KJ153,"1,015,790",39.62cm(15.6인치),코어i5-11세대,미포함(프리도스),16:9,,DDR4,16GB,256GB,M.2(NVMe),RTX3050,○,○,50Wh,120W,19.3mm,1.65kg,총4개,○,
193,주연테크 리오나인 L7E35T,"1,099,000",39.62cm(15.6인치),코어i7-11세대,미포함(프리도스),16:9,○,DDR4,16GB,512GB,M.2(NVMe),RTX3050 Ti,○,○,49Wh,150W,21.9mm,1.89kg,총4개,○,
194,MSI GF시리즈 Sword GF66 A11SC-i5 블랙 WIN10 16GB램,"939,540",39.62cm(15.6인치),코어i5-11세대,윈도우10,16:9,○,DDR4,16GB,512GB,M.2(NVMe),GTX1650,○,○,53Wh,150W,24.9mm,2.25kg,총4개,○,
195,HP 빅터스 16-d1142TX WIN11,"1,650,000",40.9cm(16.1인치),코어i7-12세대,윈도우11(설치),16:9,○,DDR5,16GB,256GB,M.2(NVMe),RTX3060,,○,70Wh,200W,23.5mm,2.46kg,총4개,○,
196,MSI GE시리즈 레이더 GE76 12UH-i9 4K WIN11,"4,662,390",43.9cm(17.3인치),코어i9-12세대,윈도우11(설치),16:9,○,DDR5,32GB,2TB,M.2(NVMe),RTX3080,○,,99.9Wh,280W,25.9mm,2.9kg,총5개,○,
197,삼성전자 갤럭시북2 프로360 NT930QED-KC51G,"1,833,000",33.7cm(13.3인치),코어i5-12세대,윈도우11홈,16:9,○,LPDDR5(온보드),16GB,256GB,M.2(NVMe),Iris Xe,,,63Wh,65W,11.5mm,1.04kg,총3개,○,
198,레노버 씽크북 15 G3 ACL-21A4A036KR 16GB램,"678,000",39.62cm(15.6인치),라이젠5-4세대,미포함(프리도스),16:9,○,DDR4,16GB,256GB,M.2(NVMe),Radeon Graphics,○,○,60Wh,,18.9mm,1.7kg,총4개,,○
199,APPLE 2021 맥북프로16 MK1E3KH/A,"3,003,140",41.05cm(16.2인치),실리콘 M1 PRO,macOS Monterey,,,,16GB,512GB,SSD,M1 PRO 16 core,○,,100Wh,140W,16.8mm,2.1kg,총3개,○,
200,LG전자 그램360 16T90P-GA79K,"2,044,980",40.6cm(16인치),코어i7-11세대,윈도우11홈,16:10,○,LPDDR4x(온보드),16GB,512GB,M.2(NVMe),Iris Xe,,○,80Wh,65W,16.95mm,1.48kg,총3개,○,
201,레노버 아이디어패드 L3-15ITL i5,"519,000",39.5cm(15.6인치),코어i5-11세대,미포함(프리도스),16:9,○,DDR4,4GB,256GB,M.2(NVMe),Iris Xe,○,○,36Wh,65W,22.9mm,1.84kg,,,○
202,MSI 모던시리즈 모던14 B5M-R7,"690,000",35.56cm(14인치),라이젠7-4세대,미포함(프리도스),16:9,○,DDR4,8GB,512GB,M.2(NVMe),Radeon Graphics,○,○,39Wh,65W,18.1mm,1.3kg,총3개,○,
203,레노버 게이밍 3i 15IMH I5 LEGEND PRO W10,"890,000",39.6cm(15.6인치),코어i5-10세대,윈도우10,16:9,○,DDR4,8GB,256GB,M.2(NVMe),GTX1650 Ti,,○,45Wh,,24.9mm,2.2kg,총3개,○,
204,삼성전자 갤럭시북S NT767XCL-KC58S,"847,690",33.7cm(13.3인치),코어i5-10세대,윈도우10,16:9,○,LPDDR4x(온보드),8GB,256GB,eUFS,UHD Graphics,,,42Wh,25W,11.8mm,950g,총2개,,○
205,삼성전자 갤럭시북 프로360 NT930QDY-A51A,"1,262,000",33.7cm(13.3인치),코어i5-11세대,미포함(프리도스),16:9,○,LPDDR4x(온보드),16GB,256GB,M.2(NVMe),Iris Xe,,○,63Wh,65W,11.5mm,1.04kg,총3개,○,
206,Razer BLADE 15 Advanced 12Gen R3080Ti 4K,"5,609,000",39.62cm(15.6인치),코어i9-12세대,윈도우11홈,16:9,○,DDR5,32GB,1TB,M.2(NVMe),RTX3080 Ti,,,80Wh,230W,16.99mm,2.01kg,총5개,,○
207,삼성전자 갤럭시북 프로 NT950XDC-XC72S,"1,719,990",39.6cm(15.6인치),코어i7-11세대,윈도우11홈,16:9,○,LPDDR4x(온보드),16GB,512GB,M.2(NVMe),MX450,○,○,68Wh,65W,13.3mm,1.15kg,총3개,○,
208,MSI 모던시리즈 모던14 B5M-R7 32GB램,"827,190",35.56cm(14인치),라이젠7-4세대,미포함(프리도스),16:9,○,DDR4,32GB,512GB,M.2(NVMe),Radeon Graphics,○,○,39Wh,65W,18.1mm,1.3kg,총3개,○,
209,DELL 에일리언웨어 x17 R2 WP04KR,"4,310,000",43.9cm(17.3인치),코어i7-12세대,윈도우11프로,16:9,,DDR5,32GB,1TB,M.2(NVMe),RTX3070 Ti,,○,87Wh,240W,21.4mm,2.96kg,총4개,○,
210,레노버 V15 IGL 82C30051KR,"298,990",39.6cm(15.6인치),셀러론,미포함(프리도스),16:9,,DDR4,4GB,256GB,M.2(NVMe),UHD 600,○,,30Wh,,19.9mm,1.85kg,총3개,,○
211,에이서 스위프트 X SFX14-41G MAX,"1,028,200",35.56cm(14인치),라이젠5-4세대,리눅스,16:9,○,LPDDR4x(온보드),16GB,512GB,M.2(NVMe),RTX3050 Ti,,○,59Wh,90W,17.9mm,1.39kg,총3개,○,
212,MSI 모던시리즈 모던14 B11MOU-i5 베이지 무스,"836,780",35.56cm(14인치),코어i5-11세대,미포함(프리도스),16:9,○,DDR4,8GB,512GB,M.2(NVMe),,○,○,52Wh,65W,18.1mm,1.3kg,총3개,○,
213,GIGABYTE AERO 5 XE4 OLED,"2,859,000",39.6cm(15.6인치),코어i7-12세대,미포함(프리도스),16:9,,DDR4,16GB,1TB,M.2(NVMe),RTX3070 Ti,,○,99Wh,230W,23.6mm,2.3kg,총4개,○,
214,MSI GP시리즈 GP76 Leopard 11UG WIN10,"1,748,990",43.94cm(17.3인치),코어i7-11세대,윈도우10,16:9,○,DDR4,16GB,512GB,M.2(NVMe),RTX3070,○,○,65Wh,280W,25.9mm,2.9kg,총3개,○,
215,삼성전자 갤럭시북2 프로360 NT930QEW-A51A,"1,754,000",33.7cm(13.3인치),코어i5-12세대,미포함(프리도스),16:9,○,LPDDR5(온보드),16GB,256GB,M.2(NVMe),Iris Xe,,,63Wh,65W,11.5mm,1.04kg,총3개,○,
216,MSI 크로스헤어 15 B12UGSZ WIN11 32GB램,"2,903,030",39.6cm(15.6인치),코어i9-12세대,윈도우11(설치),16:9,○,DDR4,32GB,512GB,M.2(NVMe),RTX3070 Ti,○,○,90Wh,240W,26.9mm,2.47kg,총4개,○,
217,MSI GF시리즈 Sword GF66 A11UD 화이트 16GB램,"1,228,000",39.62cm(15.6인치),코어i7-11세대,미포함(프리도스),16:9,○,DDR4,16GB,512GB,M.2(NVMe),RTX3050 Ti,○,○,53.5Wh,150W,24.9mm,2.25kg,총4개,○,
218,한성컴퓨터 TFX5560U 세잔북,"820,000",39.62cm(15.6인치),라이젠5-4세대,미포함(프리도스),16:9,○,DDR4,16GB,500GB,M.2(NVMe),Radeon Graphics,○,○,53.58Wh,65W,21mm,1.6kg,총4개,,○
219,MSI GP시리즈 Vector GP66 12UH,"3,130,000",39.6cm(15.6인치),코어i9-12세대,미포함(프리도스),16:9,○,DDR4,16GB,1TB,M.2(NVMe),RTX3080,○,○,65Wh,280W,23.4mm,2.38kg,총4개,○,
220,레노버 LEGION 5 15ACH R7 3060 PRO W10P,"1,530,000",39.6cm(15.6인치),라이젠7-4세대,윈도우10 프로,16:9,○,DDR4,8GB,512GB,M.2(NVMe),RTX3060,,○,80Wh,,22.5mm,2.4kg,총6개,○,
221,삼성전자 갤럭시북 프로 NT950XDB-K71A,"1,699,200",39.6cm(15.6인치),코어i7-11세대,윈도우10,16:9,○,LPDDR4x(온보드),16GB,256GB,M.2(NVMe),Iris Xe,○,○,68Wh,65W,11.7mm,1.05kg,총3개,○,
222,LG전자 2022 울트라PC 13UD70Q-GX30K,"578,430",33.7cm(13.3인치),라이젠3-4세대,미포함(프리도스),16:9,○,DDR4,8GB,128GB,M.2(NVMe),Radeon Graphics,○,○,51Wh,65W,15.3mm,980g,총3개,○,
223,LG전자 2021 그램17 17ZD90P-GX30K WIN10,"1,489,990",43.1cm(17인치),코어i3-11세대,윈도우10,16:10,○,LPDDR4x(온보드),8GB,256GB,M.2(NVMe),UHD Graphics,○,○,80Wh,65W,17.8mm,1.35kg,총4개,○,
224,HP 470 G8 4J8P5PC,"1,198,990",43.9cm(17.3인치),코어i7-11세대,윈도우10 프로,16:9,○,DDR4,8GB,512GB,SSD,Iris Xe,○,○,41Wh,45W,19.9mm,2.085kg,총3개,,○
225,레노버 게이밍 3 15ACH R5 3050,"868,490",39.6cm(15.6인치),라이젠5-4세대,미포함(프리도스),16:9,○,DDR4,8GB,256GB,M.2(NVMe),RTX3050,,○,45Wh,,24.2mm,2.25kg,총3개,○,
226,MSI GP시리즈 Vector GP76 12UGS QHD WIN10 64GB램,"3,130,000",43.9cm(17.3인치),코어i7-12세대,윈도우10,16:9,○,DDR4,64GB,1TB,M.2(NVMe),RTX3070 Ti,○,○,65Wh,280W,25.9mm,2.9kg,총4개,○,
227,ASUS 비보북 16X X1603ZA-MB139,"849,000",40.8cm(16인치),코어i5-12세대,미포함(프리도스),16:10,○,DDR4,8GB,256GB,M.2(NVMe),Iris Xe,○,○,50Wh,90W,19.9mm,1.87kg,총4개,○,
228,레노버 씽크북 15 G3 ACL-21A4000CKR,"710,710",39.62cm(15.6인치),라이젠7-4세대,미포함(프리도스),16:9,○,DDR4,8GB,256GB,M.2(NVMe),Radeon Graphics,○,○,45Wh,,18.9mm,1.7kg,총4개,,○
229,한성컴퓨터 TFX4150H,"999,000",35.6cm(14인치),코어i5-11세대,미포함(프리도스),16:10,○,DDR4,16GB,500GB,M.2(NVMe),Iris Xe,,○,53Wh,90W,16.4mm,1kg,총4개,,○
230,레노버 아이디어패드 Slim5 Pro 14ITL6 82L3004PKR,"1,049,000",35.5cm(14인치),코어i7-11세대,미포함(프리도스),16:10,○,DDR4,16GB,512GB,M.2(NVMe),MX450,○,,56.5Wh,,17.9mm,1.45kg,총4개,,○
231,레노버 아이디어패드 Slim5 Pro 14ITL6 82L3004EKR,"799,000",35.5cm(14인치),코어i5-11세대,미포함(프리도스),16:10,○,DDR4,8GB,512GB,M.2(NVMe),MX450,○,,56.5Wh,,17.9mm,1.45kg,총4개,,○
232,MSI 프레스티지 14 EVO A11M-i7 W10,"999,000",35.56cm(14인치),코어i7-11세대,윈도우10,16:9,○,LPDDR4(온보드),16GB,512GB,M.2(NVMe),Iris Xe,,○,52Wh,65W,15.9mm,1.29kg,총3개,○,
233,레노버 아이디어패드 Slim3-17ALC R5 W11,"788,990",43.94cm(17.3인치),라이젠5-4세대,윈도우11홈,16:9,○,DDR4,8GB,256GB,M.2(NVMe),Radeon Graphics,○,○,38Wh,,19.9mm,2.1kg,총3개,,○
234,레노버 아이디어패드 Slim3-15ITL 5D,"616,260",39.62cm(15.6인치),코어i5-11세대,미포함(프리도스),16:9,○,DDR4,8GB,256GB,M.2(NVMe),Iris Xe,○,○,,,19.9mm,1.65kg,총3개,,○
235,ASUS 젠북 UM425QA-KI064,"1,178,990",35.56cm(14인치),라이젠7-4세대,미포함(프리도스),16:9,,LPDDR4x(온보드),16GB,512GB,M.2(NVMe),Radeon Graphics,,○,63Wh,100W,16.8mm,1.3kg,총3개,○,
236,MSI GF시리즈 Sword GF76 A11UE 화이트 WIN10,"1,470,820",43.94cm(17.3인치),코어i7-11세대,윈도우10,16:9,○,DDR4,16GB,512GB,M.2(NVMe),RTX3060,○,○,53.5Wh,180W,25.2mm,2.6kg,총4개,○,
237,삼성전자 갤럭시북2 프로360 NT950QEW-A51A,"1,808,000",39.6cm(15.6인치),코어i5-12세대,미포함(프리도스),16:9,○,LPDDR5(온보드),16GB,256GB,M.2(NVMe),Iris Xe,,,68Wh,65W,11.9mm,1.41kg,총3개,○,
238,MSI GF시리즈 Sword GF76 A12UE 32GB램,"1,820,000",43.9cm(17.3인치),코어i7-12세대,미포함(프리도스),16:9,○,DDR4,32GB,512GB,M.2(NVMe),RTX3060,○,○,53.5Wh,240W,25.2mm,2.6kg,총4개,○,
239,삼성전자 갤럭시북 프로 NT950XDX-G51A,"1,369,990",39.6cm(15.6인치),코어i5-11세대,미포함(프리도스),16:9,○,LPDDR4x(온보드),16GB,256GB,M.2(NVMe),MX450,○,○,68Wh,65W,13.3mm,1.15kg,총3개,○,
240,레노버 게이밍 3i 15IHU i5 3050,"868,880",39.6cm(15.6인치),코어i5-11세대,미포함(프리도스),16:9,○,DDR4,8GB,256GB,M.2(NVMe),RTX3050,,○,45Wh,,24.2mm,2.2kg,총3개,○,
241,주연테크 캐리북e J3GWUP,"281,180",35.56cm(14인치),셀러론,윈도우10 프로,16:9,○,LPDDR4x(온보드),4GB,128GB,eMMC,UHD 600,,,38Wh,,16.3mm,1.45kg,총3개,○,
242,MSI GF시리즈 Sword GF76 A12UE WIN10 64GB램,"2,123,990",43.9cm(17.3인치),코어i7-12세대,윈도우10,16:9,○,DDR4,64GB,512GB,M.2(NVMe),RTX3060,○,○,53.5Wh,240W,25.2mm,2.6kg,총4개,○,
243,HP 15s-eq2242AU W11 8GB램,"588,990",39.6cm(15.6인치),라이젠3-4세대,윈도우11홈,16:9,○,DDR4,8GB,500GB,M.2(NVMe),Radeon Graphics,○,○,,45W,17.99mm,1.69kg,총3개,,○
244,레노버 씽크패드 P15 Gen2 20YQ007QKR 32GB램,"6,488,990",39.62cm(15.6인치),제온,윈도우11프로,16:9,○,DDR4,32GB,512GB,M.2(NVMe),RTX A5000,,○,94Wh,230W,31.45mm,2.87kg,총5개,○,
245,레노버 게이밍 3 15ACH R5 3060 PRO,"1,131,000",39.6cm(15.6인치),라이젠5-4세대,미포함(프리도스),16:9,○,DDR4,8GB,256GB,M.2(NVMe),RTX3060,,○,60Wh,,24.2mm,2.25kg,총3개,○,
246,ASUS 젠북 듀오 UX482EG-KA098W,"1,249,000",35.5cm(14인치),코어i5-11세대,윈도우11홈,16:9,,LPDDR4x(온보드),16GB,512GB,M.2(NVMe),MX450,○,○,70Wh,65W,17.3mm,1.62kg,총3개,○,
247,ASUS ROG 제피러스 M16 GU603ZX-K8001W,"4,349,000",40.8cm(16인치),코어i9-12세대,윈도우11홈,16:10,,DDR5,32GB,2TB,M.2(NVMe),RTX3080 Ti,,○,90Wh,240W,19.9mm,1.9kg,총4개,○,
248,MSI GP시리즈 GP66 Leopard 11UG WIN10 32GB램,"1,798,990",39.62cm(15.6인치),코어i7-11세대,윈도우10,16:9,○,DDR4,32GB,512GB,M.2(NVMe),RTX3070,○,○,65Wh,280W,23.4mm,2.38kg,총3개,○,
249,MSI 모던시리즈 모던14 B5M-R7 WIN10 16GB램,"845,990",35.56cm(14인치),라이젠7-4세대,윈도우10,16:9,○,DDR4,16GB,512GB,M.2(NVMe),Radeon Graphics,○,○,39Wh,65W,18.1mm,1.3kg,총3개,○,
250,MSI Stealth 15M B12UE,"1,740,000",39.6cm(15.6인치),코어i7-12세대,미포함(프리도스),16:9,○,DDR4,16GB,512GB,M.2(NVMe),RTX3060,○,○,53.8Wh,180W,17mm,1.8kg,총4개,○,
251,Microsoft 서피스 랩탑 스튜디오 ADI-00019 기업용,"3,408,990",36.6cm(14.4인치),코어i7-11세대,윈도우 프로(버전선택),3:2,,LPDDR4x(온보드),32GB,1TB,SSD,RTX3050 Ti,,,,95W,18.94mm,1.82kg,총2개,,○
252,MSI 모던시리즈 모던14 B5M-R7 WIN10,"740,710",35.56cm(14인치),라이젠7-4세대,윈도우10,16:9,○,DDR4,8GB,512GB,M.2(NVMe),Radeon Graphics,○,○,39Wh,65W,18.1mm,1.3kg,총3개,○,
253,MSI GP시리즈 GP76 Leopard 11UG 32GB램,"1,787,620",43.94cm(17.3인치),코어i7-11세대,미포함(프리도스),16:9,○,DDR4,32GB,512GB,M.2(NVMe),RTX3070,○,○,65Wh,280W,25.9mm,2.9kg,총3개,○,
254,LG전자 2022 그램16 16ZD95P-GX56K,"1,371,280",40.6cm(16인치),코어i5-11세대,미포함(프리도스),16:10,○,LPDDR4x(온보드),16GB,256GB,M.2(NVMe),Iris Xe,○,○,80Wh,65W,16.8mm,1.19kg,총4개,○,
255,DELL 프리시전 M7560 i9 11950 A3000 UHD 64GB램,"6,039,870",39.62cm(15.6인치),코어i9-11세대,윈도우10 프로,16:9,,DDR4,64GB,1TB,M.2(NVMe),RTX A3000,,,95Wh,,27.36mm,2.45kg,총4개,,○
256,MSI GF시리즈 Sword GF76 A11UE 화이트 32GB램,"1,533,510",43.94cm(17.3인치),코어i7-11세대,미포함(프리도스),16:9,○,DDR4,32GB,512GB,M.2(NVMe),RTX3060,○,○,53.5Wh,180W,25.2mm,2.6kg,총4개,○,
257,MSI GF시리즈 Sword GF66 A11UE 화이트 WIN10 32GB램,"1,466,390",39.62cm(15.6인치),코어i7-11세대,윈도우10,16:9,○,DDR4,32GB,512GB,M.2(NVMe),RTX3060,○,○,53.5Wh,180W,24.9mm,2.25kg,총4개,○,
258,디클 클릭북 D14 i1410,"299,000",35.8cm(14.1인치),셀러론,윈도우10,16:9,○,DDR4,4GB,128GB,M.2(SATA),UHD 600,,,,,15mm,1.3kg,총2개,○,
259,MSI 모던시리즈 모던14 B5M-R5 WIN10,"688,700",35.56cm(14인치),라이젠5-4세대,윈도우10,16:9,○,DDR4,8GB,512GB,M.2(NVMe),Radeon Graphics,○,○,39Wh,65W,18.1mm,1.3kg,총3개,○,
260,삼성전자 갤럭시북 프로 NT950XDY-A51A,"1,289,900",39.6cm(15.6인치),코어i5-11세대,미포함(프리도스),16:9,○,LPDDR4x(온보드),16GB,256GB,M.2(NVMe),Iris Xe,○,○,68Wh,65W,11.7mm,1.05kg,총3개,○,
261,MSI GF시리즈 Sword GF66 A11UE 블랙 16GB램,"1,345,000",39.62cm(15.6인치),코어i7-11세대,미포함(프리도스),16:9,○,DDR4,16GB,512GB,M.2(NVMe),RTX3060,○,○,53.5Wh,180W,24.9mm,2.25kg,총4개,○,
262,MSI 프레스티지 15 A11UC WIN10 64GB램,"1,840,000",39.62cm(15.6인치),코어i7-11세대,윈도우10,16:9,○,DDR4,64GB,512GB,M.2(NVMe),RTX3050,○,○,82Wh,90W,18.9mm,1.69kg,총4개,○,
263,MSI 크리에이터 Z17 A12UGST W11,"3,630,000",43.18cm(17인치),코어i7-12세대,윈도우11프로,16:10,,DDR5,32GB,1TB,M.2(NVMe),RTX3070 Ti,○,,90Wh,240W,19mm,2.49kg,총3개,○,
264,MSI 써밋 E13 Flip EVO A11MT 화이트,"1,698,990",34.03cm(13.4인치),코어i7-11세대,윈도우10 프로,16:10,○,LPDDR4x(온보드),32GB,1TB,M.2(NVMe),Iris Xe,,○,70Wh,65W,14.9mm,1.35kg,총4개,○,
265,MSI GF시리즈 Sword GF76 A12UD,"1,530,000",43.9cm(17.3인치),코어i7-12세대,미포함(프리도스),16:9,○,DDR4,8GB,512GB,M.2(NVMe),RTX3050 Ti,○,○,53.5Wh,180W,25.2mm,2.6kg,총4개,○,
266,MSI 모던시리즈 모던14 B5M-R7 64GB램,"1,062,190",35.56cm(14인치),라이젠7-4세대,미포함(프리도스),16:9,○,DDR4,64GB,512GB,M.2(NVMe),Radeon Graphics,○,○,39Wh,65W,18.1mm,1.3kg,총3개,○,
267,한성컴퓨터 TFG5276XG,"1,899,000",39.62cm(15.6인치),코어i7-12세대,미포함(프리도스),16:9,○,DDR5,16GB,500GB,M.2(NVMe),RTX3060,,○,62.32Wh,230W,20mm,1.7kg,총4개,○,
268,MSI GP시리즈 Vector GP76 12UGS QHD,"2,499,000",43.9cm(17.3인치),코어i7-12세대,미포함(프리도스),16:9,○,DDR4,16GB,1TB,M.2(NVMe),RTX3070 Ti,○,○,65Wh,280W,25.9mm,2.9kg,총4개,○,
269,MSI 알파 15 B5EEK AMD 어드밴티지 에디션,"1,398,000",39.62cm(15.6인치),라이젠7-4세대,미포함(프리도스),16:9,○,DDR4,8GB,512GB,M.2(NVMe),라데온 RX 6600M,○,○,90Wh,180W,23.95mm,2.35kg,총4개,○,
270,한성컴퓨터 TFG7276LC,"2,259,000",43.94cm(17.3인치),코어i9-12세대,미포함(프리도스),16:9,○,DDR5,16GB,500GB,M.2(NVMe),RTX3060,,○,62.32Wh,230W,25mm,2.5kg,총4개,○,
271,MSI GF시리즈 Sword GF66 A11UE 화이트 WIN10 16GB램,"1,410,930",39.62cm(15.6인치),코어i7-11세대,윈도우10,16:9,○,DDR4,16GB,512GB,M.2(NVMe),RTX3060,○,○,53.5Wh,180W,24.9mm,2.25kg,총4개,○,
272,MSI GF시리즈 Sword GF66 A12UGS 블랙 WIN11 32GB램,"2,070,000",39.6cm(15.6인치),코어i7-12세대,윈도우11(설치),16:9,○,DDR4,32GB,512GB,M.2(NVMe),RTX3070 Ti,○,○,53.5Wh,240W,24.9mm,2.25kg,총4개,○,
273,MSI GF시리즈 Sword GF66 A11UE 블랙 WIN10 16GB램,"1,332,840",39.62cm(15.6인치),코어i7-11세대,윈도우10,16:9,○,DDR4,16GB,512GB,M.2(NVMe),RTX3060,○,○,53.5Wh,180W,24.9mm,2.25kg,총4개,○,
274,MSI 모던시리즈 모던14 B5M-R7 WIN10 64GB램,"1,165,590",35.56cm(14인치),라이젠7-4세대,윈도우10,16:9,○,DDR4,64GB,512GB,M.2(NVMe),Radeon Graphics,○,○,39Wh,65W,18.1mm,1.3kg,총3개,○,
275,레노버 요가 Slim7 Carbon13ITL5 82EV005TKR,"1,233,930",33.7cm(13인치),코어i7-11세대,윈도우10,16:10,○,LPDDR4x(온보드),16GB,512GB,M.2(NVMe),Iris Xe,,,50Wh,,15mm,970g,총3개,,○
276,ASUS ROG SCAR G733ZM-LL035 WIN10,"2,975,990",43.94cm(17.3인치),코어i7-12세대,윈도우10,16:9,,DDR5,16GB,1TB,M.2(NVMe),RTX3060,,,90Wh,240W,28.3mm,2.9kg,총4개,○,
277,MSI GF시리즈 Sword GF76 A11SC 블랙 WIN10 16GB램,"1,219,990",43.94cm(17.3인치),코어i7-11세대,윈도우10,16:9,○,DDR4,16GB,512GB,M.2(NVMe),GTX1650,○,○,53.5Wh,150W,25.2mm,2.6kg,총4개,○,
278,ASUS ROG STRIX G17 G713RM-KH053 WIN10 16GB램,"1,780,000",43.94cm(17.3인치),라이젠7-5세대,윈도우10,16:9,,DDR5,16GB,512GB,M.2(NVMe),RTX3060,,,90Wh,240W,28.3mm,2.9kg,총4개,○,
279,레노버 LEGION 5 Pro 16ACH R7 STORM 3070 W10P,"2,199,000",40.6cm(16인치),라이젠7-4세대,윈도우10 프로,16:10,○,DDR4,32GB,512GB,M.2(NVMe),RTX3070,,○,80Wh,,21.7mm,2.59kg,총6개,○,
280,주연테크 리오나인 L9E35T,"1,149,000",43.94cm(17.3인치),코어i7-11세대,미포함(프리도스),16:9,○,DDR4,16GB,512GB,M.2(NVMe),RTX3050 Ti,○,○,49Wh,150W,23.5mm,2.39kg,총4개,○,
281,삼성전자 갤럭시북2 프로 5G NT955XED-KC51G,"2,178,990",39.6cm(15.6인치),코어i5-12세대,윈도우11홈,16:9,○,LPDDR5(온보드),16GB,256GB,M.2(NVMe),Iris Xe,○,,68Wh,65W,11.7mm,1.16kg,총3개,○,
282,레노버 아이디어패드 Slim5-14ITL 5W M16,"1,080,000",35.5cm(14인치),코어i5-11세대,윈도우10,16:9,○,DDR4,16GB,256GB,M.2(NVMe),MX450,○,○,56.5Wh,65W,17.9mm,1.39kg,총3개,,○
283,레노버 요가 Slim7 Carbon13ITL5 82EV0049KR,"1,348,890",33.7cm(13인치),코어i7-11세대,윈도우10,16:10,○,LPDDR4x(온보드),16GB,1TB,M.2(NVMe),Iris Xe,,,50Wh,,15mm,970g,총3개,,○
284,레노버 아이디어패드 Slim5 Pro16IHU6 Superb i7 W10,"1,359,000",40.6cm(16인치),코어i7-11세대,윈도우10,16:10,○,DDR4,16GB,512GB,M.2(NVMe),MX450,○,○,75Wh,,18.4mm,1.9kg,총4개,○,
285,MSI 모던시리즈 모던14 B11M-i7 카본 그레이 16GB램,"784,800",35.56cm(14인치),코어i7-11세대,미포함(프리도스),16:9,○,DDR4,16GB,512GB,M.2(NVMe),,○,○,39Wh,65W,16.9mm,1.3kg,총3개,○,
286,MSI GF시리즈 Sword GF66 A12UE 화이트,"1,698,990",39.6cm(15.6인치),코어i7-12세대,미포함(프리도스),16:9,○,DDR4,16GB,512GB,M.2(NVMe),RTX3060,○,○,53.5Wh,240W,24.9mm,2.25kg,총4개,○,
287,삼성전자 갤럭시북 프로360 5G NT935QDB-KC71S,"1,898,730",33.7cm(13.3인치),코어i7-11세대,윈도우11홈,16:9,○,LPDDR4x(온보드),16GB,512GB,M.2(NVMe),Iris Xe,,○,63Wh,65W,11.5mm,1.07kg,총3개,○,
288,MSI 모던시리즈 모던14 B11M-i7 카본 그레이 WIN10 32GB램,"938,780",35.56cm(14인치),코어i7-11세대,윈도우10,16:9,○,DDR4,32GB,512GB,M.2(NVMe),,○,○,39Wh,65W,16.9mm,1.3kg,총3개,○,
289,레노버 게이밍 3 15ACH R7 3060 PRO W10,"1,469,000",39.6cm(15.6인치),라이젠7-4세대,윈도우10,16:9,○,DDR4,8GB,256GB,M.2(NVMe),RTX3060,,○,60Wh,,24.2mm,2.25kg,총3개,○,
290,MSI GF시리즈 Sword GF66 A12UC 화이트 64GB램,"1,765,280",39.6cm(15.6인치),코어i7-12세대,미포함(프리도스),16:9,○,DDR4,64GB,512GB,M.2(NVMe),RTX3050,○,○,53.5Wh,180W,24.9mm,2.25kg,총4개,○,
291,GIGABYTE AERO 16 YE5 OLED,"4,579,000",40.8cm(16인치),코어i9-12세대,미포함(프리도스),16:10,,DDR5,32GB,2TB,M.2(NVMe),RTX3080 Ti,,,99Wh,230W,22.4mm,2.3kg,총3개,○,
292,레노버 요가 Slim7 Carbon 14ACN6 82L00054KR,"1,520,000",35.56cm(14인치),라이젠5-4세대,윈도우11홈,16:10,,LPDDR4x(온보드),16GB,512GB,M.2(NVMe),MX450,,○,61Wh,,14.9mm,1.09kg,총3개,,○
293,레노버 요가 Slim7-14 Intense Fabric,"1,399,000",35.56cm(14인치),코어i7-10세대,윈도우10,16:9,○,LPDDR4x(온보드),16GB,512GB,M.2(NVMe),MX350,,,60.7Wh,,14.9mm,1.5kg,총4개,,○
294,MSI GF시리즈 Sword GF66 A11UE 블랙,"1,299,000",39.62cm(15.6인치),코어i7-11세대,미포함(프리도스),16:9,○,DDR4,8GB,512GB,M.2(NVMe),RTX3060,○,○,53.5Wh,180W,24.9mm,2.25kg,총4개,○,
295,ASUS TUF Gaming F17 FX707ZC-HX035 WIN11 32GB램,"1,750,000",43.94cm(17.3인치),코어i7-12세대,윈도우11(설치),16:9,,DDR5,32GB,512GB,M.2(NVMe),RTX3050,,○,56Wh,200W,25.4mm,2.6kg,총4개,○,
296,ASUS TUF Gaming F17 FX706HCB-HX144 16GB램,"1,083,240",43.94cm(17.3인치),코어i5-11세대,미포함(프리도스),16:9,,DDR4,16GB,512GB,M.2(NVMe),RTX3050,,○,48Wh,180W,24.8mm,2.6kg,총4개,○,
297,MSI GF시리즈 Sword GF76 A11UC 블랙 32GB램,"1,380,000",43.94cm(17.3인치),코어i7-11세대,미포함(프리도스),16:9,○,DDR4,32GB,512GB,M.2(NVMe),RTX3050,○,○,53.5Wh,150W,25.2mm,2.6kg,총4개,○,
298,한성컴퓨터 TFG5277XG,"2,359,000",39.62cm(15.6인치),코어i7-12세대,미포함(프리도스),16:9,○,DDR5,16GB,500GB,M.2(NVMe),RTX3070 Ti,,○,62.32Wh,230W,20mm,1.7kg,총4개,○,
299,ASUS TUF Dash F15 FX516PR-AZ019,"1,670,000",39.62cm(15.6인치),코어i7-11세대,미포함(프리도스),16:9,,DDR4,16GB,1TB,M.2(NVMe),RTX3070,,,76Wh,200W,19.9mm,2kg,총4개,○,
300,레노버 플렉스 5 14ALC R5 W10,"1,247,000",35.5cm(14인치),라이젠5-4세대,윈도우10,16:9,○,DDR4,8GB,256GB,M.2(NVMe),Radeon Graphics,○,○,52.5Wh,,17.9mm,1.53kg,총3개,,○
301,삼성전자 갤럭시북2 프로 NT950XEV-G51A WIN11,"1,556,830",39.6cm(15.6인치),코어i5-12세대,윈도우11(설치),16:9,○,LPDDR5(온보드),16GB,256GB,M.2(NVMe),Arc A350M,○,,68Wh,65W,13.3mm,1.17kg,총3개,○,
302,삼성전자 갤럭시북S NT767XCL-KLTE,"949,000",33.7cm(13.3인치),코어i5-10세대,윈도우10,16:9,○,LPDDR4x(온보드),8GB,512GB,eUFS,UHD Graphics,,,42Wh,25W,11.8mm,950g,총2개,,○
303,MSI 모던시리즈 모던14 B11M-i7 카본 그레이 32GB램,"925,900",35.56cm(14인치),코어i7-11세대,미포함(프리도스),16:9,○,DDR4,32GB,512GB,M.2(NVMe),,○,○,39Wh,65W,16.9mm,1.3kg,총3개,○,
304,MSI GF시리즈 Sword GF66 A11UD 화이트 32GB램,"1,366,000",39.62cm(15.6인치),코어i7-11세대,미포함(프리도스),16:9,○,DDR4,32GB,512GB,M.2(NVMe),RTX3050 Ti,○,○,53.5Wh,150W,24.9mm,2.25kg,총4개,○,
305,레노버 LEGION 5 15ACH R7 3060 PRO,"1,499,000",39.6cm(15.6인치),라이젠7-4세대,미포함(프리도스),16:9,○,DDR4,8GB,512GB,M.2(NVMe),RTX3060,,○,80Wh,,22.5mm,2.4kg,총6개,○,
306,삼성전자 오디세이 NT850XCJ-XC71A,"1,938,950",39.6cm(15.6인치),코어i7-10세대,윈도우10,16:9,,DDR4,16GB,512GB,M.2(NVMe),RTX2070 SUPER,○,,54Wh,185W,19.9mm,2.39kg,총4개,○,
307,레노버 요가 Slim7 Carbon13ITL5 82EV0034KR,"1,048,990",33.7cm(13인치),코어i5-11세대,미포함(프리도스),16:10,○,LPDDR4x(온보드),16GB,512GB,M.2(NVMe),Iris Xe,,,50Wh,,15mm,970g,총3개,,○
308,삼성전자 갤럭시북 NT761XDZ-G78A,"1,744,000",39.6cm(15.6인치),코어i7-11세대,미포함(프리도스),16:9,○,DDR4,8GB,256GB,M.2(NVMe),RTX3050 Ti,○,○,83Wh,135W,17.7mm,1.85kg,총5개,○,
309,ASUS TUF Dash F15 FX517ZE-HN034 16GB램,"1,450,000",39.62cm(15.6인치),코어i7-12세대,미포함(프리도스),16:9,,DDR5,16GB,512GB,M.2(NVMe),RTX3050 Ti,,○,76Wh,180W,20.7mm,2kg,총4개,○,
310,MSI GF시리즈 Sword GF76 A11UD 블랙 16GB램,"1,260,000",43.94cm(17.3인치),코어i7-11세대,미포함(프리도스),16:9,○,DDR4,16GB,512GB,M.2(NVMe),RTX3050 Ti,○,○,53.5Wh,150W,25.2mm,2.6kg,총4개,○,
311,GIGABYTE AERO 16 KE4 OLED,"2,549,000",40.8cm(16인치),코어i7-12세대,미포함(프리도스),16:10,,DDR4,16GB,1TB,M.2(NVMe),RTX3060,,,99Wh,230W,22.4mm,2.3kg,총3개,○,
312,MSI GF시리즈 GF75 Thin 10UC WIN10 32GB램,"1,468,990",43.94cm(17.3인치),코어i7-10세대,윈도우10,16:9,○,DDR4,32GB,512GB,M.2(NVMe),RTX3050,○,○,51Wh,150W,23.1mm,2.2kg,총4개,○,
313,한성컴퓨터 TFG5576XG,"1,599,000",39.62cm(15.6인치),라이젠7-4세대,미포함(프리도스),16:9,○,DDR4,16GB,500GB,M.2(NVMe),RTX3060,,○,62.32Wh,230W,23mm,1.7kg,총4개,○,
314,ASUS 비보북 프로 14 OLED K3400PA-KM038,"769,000",35.56cm(14인치),코어i5-11세대,미포함(프리도스),16:10,,DDR4,8GB,256GB,M.2(NVMe),Iris Xe,○,○,63Wh,65W,19.3mm,1.4kg,총4개,○,
315,LG전자 2022 그램15 15ZD95P-GX76K,"1,361,200",39.6cm(15.6인치),코어i7-11세대,미포함(프리도스),16:9,○,LPDDR4x(온보드),16GB,256GB,M.2(NVMe),Iris Xe,○,○,80Wh,65W,17.4mm,1.12kg,총4개,○,
316,삼성전자 갤럭시북 프로 NT930XDY-A51A,"1,290,000",33.7cm(13.3인치),코어i5-11세대,미포함(프리도스),16:9,○,LPDDR4x(온보드),16GB,256GB,M.2(NVMe),Iris Xe,○,○,63Wh,65W,11.2mm,870g,총3개,○,
317,MSI 써밋 E13 Flip Evo A12MT W11,"2,270,000",34.03cm(13.4인치),코어i7-12세대,윈도우11홈,16:10,○,LPDDR5(온보드),16GB,1TB,M.2(NVMe),Iris Xe,○,,70Wh,65W,14.9mm,1.35kg,총3개,○,
318,MSI 모던시리즈 모던15 A11M-i5 카본 그레이 WIN10 16GB램,"796,170",39.62cm(15.6인치),코어i5-11세대,윈도우10,16:9,○,DDR4,16GB,512GB,M.2(NVMe),Iris Xe,○,○,52Wh,65W,16.9mm,1.6kg,총4개,○,
319,MSI GE시리즈 레이더 GE76 12UHS 4K W11,"4,790,000",43.9cm(17.3인치),코어i7-12세대,윈도우11프로,16:9,○,DDR5,32GB,2TB,M.2(NVMe),RTX3080 Ti,○,,99.9Wh,330W,25.9mm,2.9kg,총5개,○,
320,MSI GF시리즈 GF63 Thin 10SC-i5 비전,"858,000",39.62cm(15.6인치),코어i5-10세대,미포함(프리도스),16:9,○,DDR4,8GB,256GB,M.2(NVMe),GTX1650,○,○,51Wh,120W,21.7mm,1.77kg,총4개,○,
321,MSI 모던시리즈 모던14 B11M-i5 카본 그레이 WIN10,"682,080",35.56cm(14인치),코어i5-11세대,윈도우10,16:9,○,DDR4,8GB,512GB,M.2(NVMe),,○,○,39Wh,65W,16.9mm,1.3kg,총3개,○,
322,MSI GF시리즈 GF63 Thin 9SC-i7 파워팩 프로 WIN10,"1,268,050",39.62cm(15.6인치),코어i7-9세대,윈도우10,16:9,○,DDR4,16GB,256GB,M.2(NVMe),GTX1650,○,,51Wh,120W,21.7mm,1.77kg,,○,
323,한성컴퓨터 언더케이지 TFX4470HW W11,"919,000",35.56cm(14인치),라이젠7-3세대,윈도우11홈,16:9,○,DDR4,16GB,500GB,M.2(NVMe),Radeon Graphics,○,○,46.74Wh,90W,17.3mm,1.1kg,총4개,,○
324,한성컴퓨터 TFG7277XG,"2,459,000",43.94cm(17.3인치),코어i7-12세대,미포함(프리도스),16:9,○,DDR5,16GB,500GB,M.2(NVMe),RTX3070 Ti,,○,91.24Wh,230W,22mm,2.5kg,총4개,○,
325,한성컴퓨터 올데이롱 TFX5556UW,"1,129,000",39.62cm(15.6인치),라이젠5-4세대,윈도우11홈,16:9,○,DDR4,16GB,500GB,M.2(NVMe),Radeon Graphics,○,○,91.24Wh,65W,18mm,1.4kg,총4개,○,
326,한성컴퓨터 TFX5470UC,"729,000",39.62cm(15.6인치),라이젠7-3세대,미포함(프리도스),16:9,○,DDR4,16GB,500GB,M.2(NVMe),Radeon Graphics,○,○,49Wh,65W,20mm,1.6kg,총4개,○,
327,주연테크 리오나인 젠 L8CS36,"1,349,000",43.94cm(17.3인치),라이젠7-4세대,미포함(프리도스),16:9,○,DDR4,16GB,512GB,M.2(NVMe),RTX3060,,○,48.96Wh,230W,32.4mm,2.5kg,총4개,○,
328,GIGABYTE AERO 17 KE5 Mini LED,"3,270,000",43.94cm(17.3인치),코어i7-12세대,미포함(프리도스),16:9,,DDR5,16GB,1TB,M.2(NVMe),RTX3060,,○,99Wh,230W,23.4mm,2.6kg,총3개,○,
329,DELL G시리즈 G15 DG5521SE-WH04KR,"2,420,000",39.6cm(15.6인치),코어i7-12세대,윈도우11홈,16:9,,DDR5,16GB,1TB,M.2(NVMe),RTX3070 Ti,,○,86Wh,240W,26.9mm,2.674kg,총4개,○,
330,MSI 써밋 E14 A11SCST,"1,299,000",35.56cm(14인치),코어i7-11세대,미포함(프리도스),16:9,○,LPDDR4,16GB,1TB,M.2(NVMe),GTX1650 Ti,,○,52Wh,90W,15.9mm,1.32kg,총3개,○,
331,레노버 V15 G2 82KD000VKR,"628,320",39.62cm(15.6인치),라이젠7-4세대,미포함(프리도스),16:9,,DDR4,8GB,256GB,M.2(NVMe),Radeon Graphics,○,,38Wh,,19.9mm,1.7kg,총3개,,○
332,MSI GE시리즈 레이더 GE76 12UHS-i9 4K W11 디럭스 에디션,"6,990,000",43.9cm(17.3인치),코어i9-12세대,윈도우11프로,16:9,○,DDR5,64GB,2TB,M.2(NVMe),RTX3080 Ti,○,,99.9Wh,330W,25.9mm,2.9kg,총5개,○,
333,MSI 모던시리즈 모던14 B11M-i5 카본 그레이 WIN10 16GB램,"748,500",35.56cm(14인치),코어i5-11세대,윈도우10,16:9,○,DDR4,16GB,512GB,M.2(NVMe),,○,○,39Wh,65W,16.9mm,1.3kg,총3개,○,
334,MSI 모던시리즈 모던14 B11MOU-i5,"549,000",35.56cm(14인치),코어i5-11세대,미포함(프리도스),16:9,○,DDR4,4GB,256GB,M.2(NVMe),Iris Xe,○,○,39Wh,65W,18.1mm,1.3kg,총3개,○,
335,GIGABYTE G7 GD Gen11 i5,"1,279,000",43.18cm(17인치),코어i5-11세대,미포함(프리도스),16:9,,DDR4,16GB,512GB,M.2(NVMe),RTX3050,,,49Wh,150W,29.5mm,2.5kg,총4개,○,
336,한성컴퓨터 언더케이지 TFX4450HW W11,"809,000",35.56cm(14인치),라이젠5-3세대,윈도우11홈,16:9,○,DDR4,8GB,250GB,M.2(NVMe),Radeon Graphics,○,○,46.74Wh,90W,17.3mm,1.1kg,총4개,,○
337,한성컴퓨터 TFX3412N,"498,000",33.78cm(13.3인치),셀러론,미포함(프리도스),16:9,○,DDR4(온보드),8GB,250GB,M.2(SATA),UHD 600,,○,47.12Wh,24W,16mm,1.3kg,총2개,,○
338,Razer BLADE 15 Advanced 12Gen R3060 QHD,"3,499,000",39.62cm(15.6인치),코어i7-12세대,윈도우11홈,16:9,○,DDR5,16GB,1TB,M.2(NVMe),RTX3060,,,80Wh,230W,16.99mm,2.01kg,총5개,,○
339,MSI 프레스티지 15 A11UC,"1,500,000",39.62cm(15.6인치),코어i7-11세대,미포함(프리도스),16:9,○,DDR4,16GB,512GB,M.2(NVMe),RTX3050,○,○,82Wh,90W,18.9mm,1.69kg,총4개,○,
340,MSI 모던시리즈 모던15 A11M-i7 카본 그레이 32GB램,"940,490",39.62cm(15.6인치),코어i7-11세대,미포함(프리도스),16:9,○,DDR4,32GB,512GB,M.2(NVMe),Iris Xe,○,○,52Wh,65W,16.9mm,1.6kg,총4개,○,
341,레노버 게이밍 3 15ACH R7 3060 PRO,"1,294,000",39.6cm(15.6인치),라이젠7-4세대,미포함(프리도스),16:9,○,DDR4,8GB,256GB,M.2(NVMe),RTX3060,,○,60Wh,,24.2mm,2.25kg,총3개,○,
342,MSI 모던시리즈 모던14 B11MOU-i7 32GB램,"959,850",35.56cm(14인치),코어i7-11세대,미포함(프리도스),16:9,○,DDR4,32GB,512GB,M.2(NVMe),Iris Xe,○,○,39Wh,65W,18.1mm,1.3kg,총3개,○,
343,GIGABYTE AERO 15 OLED KD,"1,889,000",39.62cm(15.6인치),코어i7-11세대,미포함(프리도스),16:9,,DDR4,16GB,512GB,M.2(NVMe),RTX3060,,,99Wh,230W,20mm,2.2kg,총4개,○,
344,Razer BLADE 14 R9 Zen3 R3080 QHD,"3,090,000",35.56cm(14인치),라이젠9-4세대,윈도우10,16:9,,DDR4,16GB,1TB,M.2(NVMe),RTX3080,,○,61.6Wh,230W,16.8mm,1.78kg,총4개,,○
345,레노버 아이디어패드 Slim5 Pro16IHU6 Superb i7,"1,249,000",40.6cm(16인치),코어i7-11세대,미포함(프리도스),16:10,○,DDR4,16GB,512GB,M.2(NVMe),MX450,○,○,75Wh,,18.4mm,1.9kg,총4개,○,
346,한성컴퓨터 TFG7576XG,"1,690,000",43.94cm(17.3인치),라이젠7-4세대,미포함(프리도스),16:9,○,DDR4,16GB,500GB,M.2(NVMe),RTX3060,,○,91.24Wh,230W,25mm,2.2kg,총4개,○,
347,한성컴퓨터 TFG7277LCW,"2,879,000",43.94cm(17.3인치),코어i9-12세대,윈도우11홈,16:9,○,DDR5,16GB,500GB,M.2(NVMe),RTX3070 Ti,,○,62.32Wh,280W,25mm,2.5kg,총4개,○,
348,MSI 모던시리즈 모던14 B5M-R5 16GB램,"676,390",35.56cm(14인치),라이젠5-4세대,미포함(프리도스),16:9,○,DDR4,16GB,512GB,M.2(NVMe),Radeon Graphics,○,○,39Wh,65W,18.1mm,1.3kg,총3개,○,
349,MSI GE시리즈 레이더 GE76 12UGS QHD,"3,299,000",43.9cm(17.3인치),코어i7-12세대,미포함(프리도스),16:9,○,DDR5,32GB,1TB,M.2(NVMe),RTX3070 Ti,○,,99.9Wh,280W,25.9mm,2.9kg,총5개,○,
350,레노버 게이밍 3 15ACH R7 3060 PRO W10 16GB램,"1,560,000",39.6cm(15.6인치),라이젠7-4세대,윈도우10,16:9,○,DDR4,16GB,256GB,M.2(NVMe),RTX3060,,○,60Wh,,24.2mm,2.25kg,총3개,○,
351,MSI GF시리즈 Sword GF66 A11UE 블랙 WIN10 32GB램,"1,550,000",39.62cm(15.6인치),코어i7-11세대,윈도우10,16:9,○,DDR4,32GB,512GB,M.2(NVMe),RTX3060,○,○,53.5Wh,180W,24.9mm,2.25kg,총4개,○,
352,레노버 LEGION 5i 15IMH I7 Ultra PRO,"1,445,000",39.6cm(15.6인치),코어i7-10세대,미포함(프리도스),16:9,○,DDR4,8GB,256GB,M.2(NVMe),GTX1660 Ti,,○,80Wh,,23.5mm,2.3kg,총5개,○,
353,MSI GP시리즈 GP66 Leopard 11UH,"2,319,000",39.62cm(15.6인치),코어i7-11세대,미포함(프리도스),16:9,○,DDR4,16GB,1TB,M.2(NVMe),RTX3080,○,○,65Wh,280W,23.4mm,2.38kg,총3개,○,
354,MSI GP시리즈 GP76 Leopard 11UH,"2,519,000",43.94cm(17.3인치),코어i7-11세대,미포함(프리도스),16:9,○,DDR4,16GB,1TB,M.2(NVMe),RTX3080,○,○,65Wh,280W,25.9mm,2.9kg,총3개,○,
355,MSI GP시리즈 Vector GP76 12UGS,"2,499,000",43.9cm(17.3인치),코어i7-12세대,미포함(프리도스),16:9,○,DDR4,16GB,1TB,M.2(NVMe),RTX3070 Ti,○,○,65Wh,280W,25.9mm,2.9kg,총4개,○,
356,주연테크 슈퍼플라이 J9FT,"755,100",35.56cm(14인치),코어i5-11세대,미포함(프리도스),16:9,○,DDR4,16GB,512GB,M.2(NVMe),Iris Xe,○,○,73Wh,65W,16.5mm,1.12kg,총3개,○,
357,GIGABYTE AERO 16 XE5 OLED,"3,379,000",40.8cm(16인치),코어i7-12세대,미포함(프리도스),16:10,,DDR5,16GB,1TB,M.2(NVMe),RTX3070 Ti,,,99Wh,230W,22.4mm,2.3kg,총3개,○,
358,한성컴퓨터 TFG5275,"1,399,000",39.62cm(15.6인치),코어i7-12세대,미포함(프리도스),16:9,○,DDR4,16GB,500GB,M.2(NVMe),RTX3050,,○,53.35Wh,150W,26mm,2kg,총4개,○,
359,한성컴퓨터 TFX3150U Pro,"779,000",33.782cm(13.3인치),코어i5-11세대,미포함(프리도스),16:9,○,LPDDR4x(온보드),8GB,500GB,M.2(SATA),Iris Xe,,○,47.12Wh,65W,16mm,1.3kg,총2개,,○
